product,features
google-pixel-11-pro-xl,"Specs
Key features

T-Satellite with Starlink

This device is compatible with T-Satellite, so you can stay connected in places never thought possible with the only mobile + satellite network powering messaging and apps.

Learn more about T-Satellite

50 MP wide| 48 MP ultrawide with Macro Focus | 48 MP 5x telephoto lens |ProZoom up to 120x

42 MP Dual PD selfie camera with autofocus

Talk Time

Standby Time

Other features
Gemini Intelligence - Proactive, personal help across your apps.¹
Magic Cue - Info and next steps, right when you need them.¹
120x Pro Zoom - Zoom up to 120x with spectacularly sharp photos.²
Upgraded Cameras - Two upgraded lenses with 30% better light sensitivity.³
Larger 6.7"" Display - Expansive Super Actua screen at 3,600 nits.⁴
Tensor G6 & Vapor Chamber - Advanced on-device AI that stays cool.⁵
Ultra-Fast Charging - Up to 75% charge in about 30 minutes, wired.⁶
30+ Hour Battery - Over 30 hours with Adaptive Battery.⁷
Satellite SOS - Emergency help via satellite, even with no signal.⁸
Pixel Safe Security - Highest-rated for security 5 years running.⁹
New phone, minimal setup time - Get a head start on syncing your photos and other data now.¹⁰
Models with 256GB have 12GB RAM
Models with 512GB have 16GB RAM
Attention-grabbing design meets an evolution of the award-winning Pixel Camera. On Google Pixel 11 Pro XL, Gemini Intelligence manages details so you can live the moment.1

Pixel 11 Pro XL is the ultimate Pixel experience, featuring unprecedented AI with Gemini, unbelievable camera quality, impāeccable design, the new Pixel Glow LED notification system, and the next-gen Google Tensor G6 chip.1

Also check out the newest Google Pixel phones, including Pixel 11, Pixel 11 Pro and Pixel 11 Pro Fold on our largest and fastest 5G network.

Google Pixel 11 Pro XL "
google-pixel-11-pro,"Specs
Key features

T-Satellite with Starlink

This device is compatible with T-Satellite, so you can stay connected in places never thought possible with the only mobile + satellite network powering messaging and apps.

Learn more about T-Satellite

50 MP wide| 48 MP ultrawide with Macro Focus | 48 MP 5x telephoto lens |Pro Zoom up to 120x

42 MP Dual PD selfie camera with autofocus

Talk Time

Standby Time

Other features
120x Pro Zoom - Zoom up to 120x with spectacularly sharp photos.²
Upgraded Cameras - Two upgraded lenses with 30% better light sensitivity.³
Super Actua Display - 6.3"" screen at 3,600 nits, 2x more scratch-resistant.⁴
Tensor G6 & Vapor Chamber - Advanced on-device AI that stays cool.⁵
Pixelsnap Charging - Up to 29% faster wireless charging.⁶
30+ Hour Battery - Over 30 hours with Adaptive Battery.⁷
Satellite SOS - Emergency help via satellite, even with no signal.⁸
Pixel Safe Security - Highest-rated for security 5 years running.⁹
New phone, minimal setup time - Get a head start on syncing your photos and other data now.¹⁰
Models with 256GB have 12GB RAM
Models with 512GB have 16GB RAM
Attention-grabbing design meets an evolution of the award-winning Pixel Camera. On Google Pixel 11 Pro, Gemini Intelligence manages details so you can live the moment.1

Pixel 11 Pro is the ultimate Pixel experience, featuring unprecedented AI with Gemini, unbelievable camera quality, impeccable design, the new Pixel Glow LED notification system, and the next-gen Google Tensor G6 chip.


Also check out the newest Google Pixel phones, including, Pixel 11, Pixel 11 Pro Fold and Pixel 11 Pro XL, on our largest and fastest 5G network.

Google Pixel 11 Pro "
google-pixel-11,"Specs
Key features

T-Satellite with Starlink

This device is compatible with T-Satellite, so you can stay connected in places never thought possible with the only mobile + satellite network powering messaging and apps.

Learn more about T-Satellite

48 MP wide with Macro Focus | 13 MP ultrawide | 10.8 MP 5x telephoto lens | Super Zoom up to 30x

10.5 MP Dual PD selfie camera with autofocus

Talk Time

Standby Time

Other features
Gemini Intelligence - Proactive, personal help across your apps.¹
Redesigned 48 MP Camera - Larger lens with 56% better light sensitivity.²
30x Super Zoom - Sharp, detailed shots from a distance.³
Actua Display - 3,000-nit screen with Gorilla Glass Victus.²,⁴
Tensor G6 & Titan M3 - Fast performance with post-quantum security.⁵
7 Years of Updates - 7 years of OS and security updates.⁶
Satellite SOS - Emergency help via satellite, even with no signal.⁷
New phone, minimal setup time - Get a head start on syncing your photos and other data now.⁸
Pixel Safe Security - Highest-rated for security 5 years running.⁹
Escape the ordinary with Google Pixel 11. It has Pixel’s most powerful chip, an incredible camera, and Gemini built in to supercharge your productivity and creativity.

Google Pixel 11. Iconic design meets an evolution of the award-winning Pixel Camera. Gemini Intelligence effortlessly manages details so you can stay perfectly present.1



Also check out the newest Google Pixel phones, including, Pixel 11 Pro, Pixel 11 Pro Fold and Pixel 11 Pro XL, on our largest and fastest 5G network.

Google Pixel 11 "
google-pixel-11-pro-fold,"Specs
Key features

T-Satellite with Starlink

This device is compatible with T-Satellite, so you can stay connected in places never thought possible with the only mobile + satellite network powering messaging and apps.

Learn more about T-Satellite

48 MP Quad PD wide camera |10.5 MP Dual PD ultrawide camera | 10.8 MP Dual PD telephoto camera

10 MP Dual PD selfie camera

Talk Time

Standby Time

Other features
Gemini Intelligence - Proactive, personal help across your apps.¹
Magic Cue - Info and next steps, right when you need them.¹
8"" Super Actua Flex Display - 20% brighter screens, inside and out.²
3x More Durable - Tougher back, glass, and hinge; 3x stronger.³
Thinnest, Lightest Fold - ~1mm thinner, 10% lighter; opens to 8"".⁴
30x Super Zoom - Sharper distant details than ever.⁵
48 MP Night Sight - New sensor pulls in 56% more light after dark.⁶
Tensor G6 & Titan M3 - Advanced AI, smooth multitasking, protected.⁷
Tabletop & Dual Screen - Hands-free streaming; preview on outer screen.⁸
Satellite SOS - Emergency help via satellite, even with no signal.⁹
New phone, minimal setup time - Get a head start on syncing your photos and other data now.¹⁰
Google Pixel 11 Pro Fold makes multitasking effortless. Built with Gemini Intelligence, brighter screens, and a more durable design.1,2

Unfold extraordinary with Google Pixel 11 Pro Fold. Our largest screen, plus advanced AI with Gemini.1 It's the best Pixel for multitasking and entertainment.

Also check out the newest Google Pixel phones, including Pixel 11, Pixel 11 Pro and Pixel 11 Pro XL on our largest and fastest 5G network.

Google Pixel 11 Pro Fold "
samsung-galaxy-z-fold8,"Overview
Specs
Key features

T-Satellite with Starlink

This device is compatible with T-Satellite, so you can stay connected in places never thought possible with the only mobile + satellite network powering messaging and apps.

Learn more about T-Satellite

Dual 50MP Wide & Ultra Wide Rear Cameras

10MP Front Facing Camera & 10MP Cover Camera when Folded

49 Hours Talk Time

15.6 Days Standby Time

Other features
5.5"" FHD+ Dynamic AMOLED 2X Cover Display
Shaped for Content
World’s Lightest Fold¹
Powerful Performance – Snapdragon 8 Elite Gen 5 for Galaxy
Super Steady Video with Horizontal Lock
Brightest Display on a Galaxy Phone w/120Hz Adaptive Refresh Rate
Large Screen Gaming
Extensive battery life for an expansive screen
My FanCam – Reframe Your Videos and Follow the Action²
50MP Dual Camera
Flex Titanium Display
Super-Fast Charging Capable
IPx8 Water Resistant
Android 17 OS
Bluetooth 6.0
Wi-Fi 7
Conversational Gains 15dB w/Hearing Aid & 18dB w/out Hearing Aid
6.35” Width x 0.18” Depth Unfolded
3.22” Width x 0.38” Depth Folded
If you love to get lost in your entertainment, then Galaxy Z Fold8 is for you. This all-new foldable has an all-new shape that really makes your content shine. On the cover screen, enjoy the perfect ratio for scrolling your socials, and then unfold the wide 7.6"" display3 to immerse yourself in your streaming favorites. Rotate your screen to portrait mode and the same space becomes a full-page e-book, making everything you love feel big, clear and more inviting.

When you switch from viewing content to capturing content, Galaxy Z Fold8 is ready. With a 50MP dual camera system and an expansive screen, you can see the details before you snap and admire your pic on an immersive display after.

This new design also sets a new record as the world's lightest fold.4 But don't let that fool you —inside, you still get a 4,800mAh battery, Super Fast Charging 2.05 and the Snapdragon® 8 Elite Gen 5 for Galaxy chip to power your immersive on-the-go experience.

Galaxy Z Fold8 reshapes how you enjoy content, turning every movie night, reading session and social scroll into an experience that perfectly fits your favorites.

1Among smartphones only.
2Samsung account required. Video must be 720 x 720 pixels or higher. Results may vary.
3Display measurements are diagonal, and actual viewable area is less due to rounded corners and camera hole punch.
4Among smartphones only.
5Requires 45W Super Fast Charger (sold separately). Charging speed depends on battery level and other factors; use only Samsung-approved chargers; do not use any worn or damaged chargers or cables; incompatible charger or cable can cause serious injuries or damage to your device.

Check out the latest Samsung Galaxy Z Flip8, along with deals on the Samsung Galaxy S26, Galaxy S26+, and Galaxy S26 Ultra.

Samsung Galaxy Z Fold8 "
samsung-galaxy-z-flip8,"Overview
Specs
Key features

T-Satellite with Starlink

This device is compatible with T-Satellite, so you can stay connected in places never thought possible with the only mobile + satellite network powering messaging and apps.

Learn more about T-Satellite

50MP + 12MP Rear-Facing Camera System

10MP Front Facing Camera

50 Hours Talk Time

13.9 Days Standby Time

Other features
FlexWindow Lets Your Access Your Favorite Apps with a Tap
FlexCam + Super Steady Video (with Horizontal Lock)
World’s Lightest and Thinnest Flip¹
Powerful Performance – Snapdragon 8 Elite Gen 5 for Galaxy
A Shade for Every Style
Lightweight Design. Long-lasting battery
My FanCam – Reframe Your Videos and Follow the Action²
Bigger Battery
Flexmode
Tap to Transfer (P2P)
Lightweight design. Long-lasting battery
Super-Fast Charging Capable
IPx8 Water Resistant
Fingerprint ID
Android 17 OS
Bluetooth 5.4
Wi-Fi 7
Conversational Gain 14dB w/Hearing Aids
Conversational Gain 16dB w/out Hearing Aids
6.57” Height x 0.24” Depth Unfolded
3.37” Height x 0.52” Depth Folded
Galaxy Z Flip8 redefines what a compact foldable can do. First off, it's the lightest and thinnest flip phone in the world,1 with a profile that flexes between ultimate pocketability and a super-slim canvas.

When closed, the convenient edge-to-edge cover screen lets you access your favorite apps with a tap. FlexWindow also brings calendar alerts, quick replies and AI-driven suggestions front and center the moment that you need them.

Flip it open and the phone becomes your portable content studio. Use the 50MP main camera in FlexMode to capture shots hands-free. Or go hands-on and film memories on the move while Super Steady Video3 locks in to smoothly capture the action.

Galaxy Z Flip8 flexes to your life, keeping you in the moment and ready for anything.

1Among smartphones only.
2Samsung account required. Video must be 720 x 720 pixels or higher. Results may vary.
3Available on wide & ultra wide lenses; supports up to QHD at up to 30fps. Image will be cropped to maintain a level horizon.

Check out the latest Samsung Galaxy Z Fold8, along with deals on the Samsung Galaxy S26, Galaxy S26+, and Galaxy S26 Ultra.

Samsung Galaxy Z Flip8 "
samsung-galaxy-z-fold8-ultra,"Overview
Specs
Key features

T-Satellite with Starlink

This device is compatible with T-Satellite, so you can stay connected in places never thought possible with the only mobile + satellite network powering messaging and apps.

Learn more about T-Satellite

200MP Wide, 12MP UW & 10MP Telephoto Camera System

10MP Front Facing Camera & 10MP Cover Camera when Folded

51 Hours Talk Time

15.6 Days Standby Time

Other features
6.5""FHD+ Dynamic AMOLED 2X Cover Display
Side-by-Side Multi Window¹
200MP Ultra-Powerful Camera
Powerful Performance – Snapdragon 8 Elite Gen 5 for Galaxy
Super Steady Video with Horizontal Lock
Brightest Display on a Galaxy Phone w/120Hz Adaptive Refresh Rate
Large Screen Gaming
Slim Design Engineered for Ease
My FanCam – Reframe Your Videos and Follow the Action²
Flex Titanium Display
Super-Fast Charging Capable
IPx8 Water Resistant
Android 17 OS
Bluetooth 6.0
Wi-Fi 7
Conversational Gains 12dB w/Hearing Aid & 15dB w/out Hearing Aid
5.64” Width x 0.16” Depth Unfolded
2.87” Width x 0.35” Depth Folded
Galaxy Z Fold8 Ultra is the multitasker's secret weapon. Flexing a massive 8"" screen3 while staying just 4.1mm thin, it's a command center-size display that folds and fits in your pocket.

Side-by-Side Multi Window1 turns that expansive screen into a productivity playground by allowing you to use up to three apps at once to enjoy plenty of space to work, play and more.

With our latest custom processor, you have the speed you need for seamless multitasking along with a 5,000mAh battery —the same size as the one powering our Galaxy S26 Ultra. Plus, you can get back to getting more done quickly with Super Fast Charging 2.0.4

While you're out doing it all, take pics that capture it all. Galaxy Z Fold8 Ultra boasts a 200MP camera and now also includes a new 50MP Ultra Wide lens that delivers four times the detail of its predecessor, ensuring crisp shots from up close to far away.

Galaxy Galaxy Z Fold8 Ultra is a foldable that gives multitaskers like you everything they need to thrive.

1Multi Window works with select applications.
2Samsung account required. Video must be 720 x 720 pixels or higher. Results may vary.
3Display measurements are diagonal, and actual viewable area is less due to rounded corners and camera hole punch.
4Requires 45W Super Fast Charger (sold separately). Charging speed depends on battery level and other factors; use only Samsung-approved chargers; do not use any worn or damaged chargers or cables; incompatible charger or cable can cause serious injuries or damage to your device.

Check out the latest Samsung Galaxy Z Fold8, along with deals on the Samsung Galaxy S26, Galaxy S26+, and Galaxy S26 Ultra.

Samsung Galaxy Z Fold8 Ultra "
apple-iphone-17-pro-max,"Overview
Specs
Key features

T-Satellite with Starlink

This device is compatible with T-Satellite, so you can stay connected in places never thought possible with the only mobile + satellite network powering messaging and apps.

Learn more about T-Satellite

48MP Pro Fusion camera system |48MP Fusion Main 48MP Fusion |Ultra Wide 48MP Fusion Telephoto

18MP Center Stage camera

39 Hours Talk Time

Standby Time

Other features
6.9"" Super Retina XDR display¹
UniBody Design for exceptional power
Durable ceramic Shield front and back ²,³
Water resistant to a depth of 6 meters for up to 30 minutes²
A19 Pro chip. Vapor Cooled. Lighting Fast
Best Battery life in an iPhone ever⁴,⁵
iOS 26⁶
Built for Apple Intelligence⁷
Satellite features ⁹
Stronger Connectivity , Superfast speeds¹¹
eSIM
iPhone 17 Pro Max. The most powerful iPhone ever. Brilliant 6.9-inch display1, aluminum unibody design, A19 Pro chip, all 48MP rear cameras, and best-ever battery life.

Also be sure to explore the stunning Apple iPhone 17e, Apple iPhone 17, Apple iPhone 17 Pro and Apple iPhone Air available on the nation’s largest and fastest nationwide 5G network.

iPhone 17 Pro Max "
apple-iphone-17-pro,"Overview
Specs
Key features

T-Satellite with Starlink

This device is compatible with T-Satellite, so you can stay connected in places never thought possible with the only mobile + satellite network powering messaging and apps.

Learn more about T-Satellite

48MP Pro Fusion camera system : 48MP Fusion Main 48MP Fusion |Ultra Wide 48MP Fusion Telephoto

18MP Center Stage camera

33 Hours Talk Time

Standby Time

Other features
6.3"" Super Retina XDR display¹
UniBody Design for exceptional power
Durable ceramic Shield front and back ²,³
Water resistant to a depth of 6 meters for up to 30 minutes²
A19 Pro chip. Vapor Cooled. Lighting Fast
Best Battery life in an iPhone ever⁴,⁵
iOS 26⁶
Built for Apple Intelligence⁷
Satellite features ⁹
Stronger Connectivity , Superfast speeds¹¹
eSIM
iPhone 17 Pro. The most powerful iPhone ever. Brilliant 6.3-inch display,1 aluminum unibody design, A19 Pro chip, all 48MP rear cameras, and breakthrough battery life.

Also be sure to explore the stunning Apple iPhone 17e, Apple iPhone 17, Apple iPhone 17 Pro Max and Apple iPhone Air, available on the nation’s largest and fastest nationwide 5G network.

iPhone 17 Pro "
apple-iphone-17,"Overview
Specs
Key features

T-Satellite with Starlink

This device is compatible with T-Satellite, so you can stay connected in places never thought possible with the only mobile + satellite network powering messaging and apps.

Learn more about T-Satellite

48MP Dual Fusion camera system : 48MP Fusion Main | 48MP Fusion Ultra Wide

18MP Center Stage Camera

30 Hours Talk Time

Standby Time

Other features
6.3-inch Super Retina XDR display¹
Ceramic Shield 2 3x better scratch resistance ²
Stunning Shots
Up to 50% faster CPU performance
A19 Chip
Charges Fast, makes it last⁵
Built for Apple Intelligence⁴
iOS 26 ⁶
Satellite features ⁷˒⁸
Stronger Connectivity , Superfast speeds⁹˒¹⁰
eSIM
iPhone 17. More delightful. More durable. 6.3-inch ProMotion display,1 Ceramic Shield 2, all 48MP rear cameras, Center Stage front camera, A19 chip, and more.

Also be sure to explore the stunning Apple iPhone 17e, Apple iPhone Air, Apple iPhone 17 Pro and Apple iPhone 17 Pro Max available on the nation’s largest and fastest nationwide 5G network.

iPhone 17 "
motorola-razr-plus-2026,"Overview
Specs
Key features

T-Satellite with Starlink

This device is compatible with T-Satellite, so you can stay connected in places never thought possible with the only mobile + satellite network powering messaging and apps.

Learn more about T-Satellite

50MP Wide Camera |50MP Ultrawide & Macro Vision

32MP Front Camera

31 Hours Talk Time

14.5 Days Standby Time

Other features
Full apps. Zero flips
Flexibility meets camera power
Intelligent performance
All-day power¹ , fast charging
Compact design, built tough
Iconic razr style
45W TurboPower™ charging.²
Closed: 3.5 × 2.9 × 0.6 inches
Open: 2.9 × 6.7 × 0.3 inches
Do more without flipping open. motorola razr+ puts what matters most right at your fingertips with a large 4.0"" external display that lets you run full apps, reply to messages, and stay connected at a glance. Capture photos and videos in new ways using Flex View and a powerful dual 50MP main camera system designed for creative flexibility. Advanced AI-powered camera features help you capture sharper action shots, better group photos, and stunning results with less effort. Powered by the Snapdragon® 8s Gen 3 mobile platform, performance stays fast and responsive throughout your day. With all-day battery life1 and fast charging, it keeps up with you. A compact design built tough and finished in distinctive Pantone® colors brings iconic razr style to life. The new motorola razr+. Flip into more.

1All battery life claims are approximate and based on the median user tested across a mixed use profile (which includes both usage and standby time) under optimal network conditions. Actual battery performance will vary and depends on many factors including signal strength, network and device settings, temperature, battery condition, and usage patterns.
2Median users can get up to 12 hours of battery life in about 11 min of charge. Tested under controlled laboratory conditions. Actual charging speed will vary based on temperature, device settings and other factors. Battery must be substantially depleted; charging rate slows as charging progresses. Charger sold separately. Charge using Motorola TurboPower™ 45W charger or higher (sold separately). Higher chargers will not increase maximum 45W charge capability. Use of other chargers not recommended and may impair charging performance.
What’s in the box
motorola razr+ 2026
USB Type-C Cable
Guides
SIM tool
Additional spec details
Battery Description
4500mAh
Ports
USB Type-C
Connectivity
WiFi: 7 /6E / 6 / 5, Bluetooth 5.4, NFC, Satellite Capable, Satellite Data Capable, NativeSatellite Capable
Processor
Snapdragon® 8s Gen 3
Operating System
Android
Ram
12 GB
Maximum Expandable Memory
0 GB
Wireless Network Technology Generations
4G LTE, 5G
Supported Email Platforms
Apple Mail, POP3, IMAP4, SMTP, Microsoft® Exchange, AOL, AIM, Yahoo!® Mail, Gmail
WEA Capable
true
Mobile Hotspot Capable
true
Frequency
GSM: 850 MHz, 900 MHz, 1800 MHz, 1900 MHz; UMTS: Band I (2100), Band II (1900), Band IV (1700/2100), Band V (850), Band VIII (900); LTE: 1, 2, 3, 4, 5, 7, 8, 12, 13, 14, 17, 18, 19, 20, 25, 26, 28, 29, 30, 38, 39, 40, 41, 46, 48, 66, 71; 5G: n1, n2, n3, n5, n7, n12, n14, n20, n25, n26, n28, n29, n30, n38, n40, n41, n48, n66, n70, n71, n77, n78
Display
6.9"" FHD+ AMOLED
Display resolution
2640 x 1080 pixels
Weight
6.7 Ounces
Length
0.3 Inches
Height
6.7 Inches
Width
2.9 Inches
Accessibility
Hearing Aid Compatibility
Pass (2019 Standard)"
apple-iphone-air,"Overview
Specs
Key features

T-Satellite with Starlink

This device is compatible with T-Satellite, so you can stay connected in places never thought possible with the only mobile + satellite network powering messaging and apps.

Learn more about T-Satellite

48MP Fusion camera system | 48Mp Fusion Main

18MP Center Stage camera

27 Hours Talk Time

Standby Time

Other features
Super Thin , Strikingly Light , Shockingly Strong
More durable than any previous iPhone²,³
A19 Pro Chip
All-Day Battery Life⁴
iOS 26⁵
Built for Apple Intelligence⁶
Satellite features ⁷,⁸
Stronger Connectivity , Superfast speeds⁹,¹⁰
eSIM
iPhone Air. The thinnest iPhone ever. 6.5-inch display,1 durable Ceramic Shield front and back, A19 Pro chip, 48MP Fusion camera system, and Center Stage front camera.

Also be sure to explore the stunning Apple iPhone 17e, Apple iPhone 17, Apple iPhone 17 Pro and Apple iPhone 17 Pro Max available on the nation’s largest and fastest nationwide 5G network.

iPhone Air "
apple-iphone-17e,"Overview
Specs
Key features

T-Satellite with Starlink

This device is compatible with T-Satellite messaging, so you can stay connected in places never thought possible with the only mobile + satellite network that connects automatically.

Learn more about T-Satellite


48MP Fusion Camera with super higher resolution photos and an optical-quality 2x Telephoto

12MP TrueDepth front camera

26 Hours Talk Time

Standby Time

Other features
Say hello to a good buy - iPhone 17e comes at a wallet-friendly price.
Action Button - Quick customizable access to your favorite apps and features³
Desgined to Last - iPhone 17e is protected by Ceramic Shield 2 on the front.
Stunning Display - The 6.1-inch Super Retina XDR display makes photos pop and text easy to read.¹
All-Day Battery Life - Text, browse, and binge movies and shows for hours on end.²
Fast Wireless Charging. All in a Snap with Magsafe⁴
A19 Chip. Blasts and Lasts.
More Space for what matters
Satellite Features⁵,⁶
iOS and Apple Intelligence. Effortlessly Helpful Everyday⁷
Privacy - Use Face ID to securely unlock, sign in, and pay.
iPhone 17e features a beautiful 6.1-inch Super Retina XDR display,1the fast and capable A19 chip, all-day battery life,2 and 256GB starting storage.

Be sure to explore the stunning Apple iPhone 17, Apple iPhone 17 Pro, Apple iPhone 17 Pro Max and Apple iPhone Air available on the nation’s largest and fastest nationwide 5G network.

iPhone 17e "
samsung-galaxy-s26-ultra,"Overview
Specs
Key features

T-Satellite with Starlink

This device is compatible with T-Satellite messaging, so you can stay connected in places never thought possible with the only mobile + satellite network that connects automatically.

Learn more about T-Satellite


Quad Camera System w/200MP Main Camera

12MP Front Facing Camera

52 Hours Talk Time

14.4 Days Standby Time

Other features
Privacy Display
Fast. Powerful. AI-ready.
Photo Assist
Make it. Edit it. Share it.
Now Nudge with Galaxy AI
Nightography Video and Photo
Immersive Viewing
AI Assistant in Your Ear
Android™ 16
Bluetooth® 6.0
Conversational Gain 17DB with Hearing Aids
Conversational Gain 18DB without Hearing Aids
When everything just works, you stay in the moment. Samsung Galaxy S26 Ultra anticipates1 what you need next, empowers your creativity, delivers powerful performance with stunning, ultra-vivid viewing and even gives you the freedom to keep your screen private2 — whenever you choose.

Out with friends and capturing the night? Nightography brings every scene to life, revealing rich detail even in low light. Snap photos or record video confidently as the night goes on, and then use Photo Assist3 with Galaxy AI4 to refine your shots in seconds — cleaning up distractions, enhancing details and helping every memory look the way it felt. No extra apps. No slowing down.

Creativity doesn’t stop once the moment is captured. Creative Studio3 with Galaxy AI on Galaxy S26 Ultra turns inspiration into creation, just like that. Transform photos into custom stickers, design invitations or generate entirely new images using a simple prompt — all without switching apps or learning new tools. Whether you’re refining a memory or imagining something brand new, Galaxy AI helps bring ideas to life effortlessly, so creativity feels intuitive, not technical.

When it’s time to turn ideas into plans, Galaxy S26 Ultra makes it simple. Now Nudge1 with Galaxy AI helps you stay on top of conversations by suggesting quick actions like adding an event, sharing a photo or finding a location — all without slowing things down.

All of this happens with privacy in mind. With the world’s first privacy display built into a phone, you can keep personal moments for your eyes only. Whether you’re creating, checking emails or just catching up, everything feels effortless and on your terms. Samsung Galaxy S26 Ultra is more than a smartphone — it’s your companion.

Be sure to explore the new Galaxy S26 and Galaxy S26+, available on the nation’s largest and fastest 5G network.

1 Auto suggestion should be enabled. For location information, location permission should be allowed.
2 Must be enabled in settings.
3 Requires an internet connection / Samsung account login. Edited images may be resized and will have visible AI watermark. The accuracy and reliability of the generated output is not guaranteed.
4Galaxy AI basic features provided by Samsung are free. Any Samsung enhanced AI features and all third-party AI features are subject to different terms and may be subject to fees.

Samsung Galaxy S26 Ultra "
motorola-moto-g-stylus-2026,"Specs
Key features

T-Satellite with Starlink

This device is compatible with T-Satellite, so you can stay connected in places never thought possible with the only mobile + satellite network powering messaging and apps.

Learn more about T-Satellite

50MP Sony LYTIA™ 700C OIS camera system

13MP Ultra Wide + Macro Vision Camera

39 Hours Talk Time

25.67 Days Standby Time

Other features
The only built-in active stylus in its class⁵
6.7"" Extreme AMOLED Super HD display
Proven durability and protection¹,²
Blazing-fast 68W TurboPower™ charging³,⁴
Smooth performance and smart experiences
Immersive stereo sound
Supercharge your creativity with the new moto g stylus - 2026, featuring a built-inactive stylus. Create, navigate, and annotate with pinpoint precision. Capture breathtaking photos in any light and unshakable 4K videos on the move with a 50MP Sony LYTIA™ 700C OIS camera system powered by moto ai. Sketch freely or edit photos on a stunning 6.7"" Extreme AMOLED Super HD display—or showcase your creations in full cinematic glory. Explore fearlessly thanks to water protection and military-grade toughness.1,2 Heading out for your next adventure? Get power for the day in minutes with 68W TurboPower™ charging.3,4 All this plus smooth performance and smart experiences. Let your ideas flow freely with moto g stylus - 2026.

1Water and dust resistance were tested to IP68 and IP69 standards under controlled laboratory conditions. Withstands immersion in up to 1.5 meters of fresh water for up to 30 minutes, and is protected against powerful, high-temperature water jets for up to 30 seconds. Exposure to conditions beyond these ratings are not covered by warranty. Resistance will decrease as a result of normal wear. Not designed to work while submerged underwater. Do not expose to liquids other than fresh water. Do not attempt to charge a wet phone. Designed to provide protection against the ingress of solid foreign objects of any size. Not waterproof.
2MIL-STD 810H establishes a methodology for testing products against environmental stresses undercontrolled laboratory conditions. Motorola uses the U.S. Department of Defense’s MIL-SPEC standards to test devices against hazardous physical and environmental conditions to determine durability. Such testing is not a guarantee of future performance under these test conditions. The moto g stylus - 2026 was tested against 16 categories and 14 MIL-STD-810H procedures to prove its toughness. Abuse, like that contained in MIL-STD 810H testing, is not covered under Motorola’s standard warranty.
3All battery life claims are approximate and based on the median user tested across a mixed use profile (which includes both usage and standby time) under optimal network conditions. Actual battery performance will vary and depends on many factors including signal strength, network and device settings, temperature, battery condition, and usage patterns.
4Maximum 68W charge; Rapid charging capable only with Motorola TurboPower™ 68W charger or higher (sold separately); higher chargers will not increase maximum charge capability.
5Based on internal research conducted as of November 4th, 2025, of available smartphones NA markets priced below $400 US dollars.

What’s in the box
Motorola moto g stylus – 2026
USB-C to Cable
Guides
SIM Tool
Additional spec details
Battery Description
5200mAh
Ports
USB Type C
Connectivity
Wi-Fi 802.11 a/b/g/n/ac/ax | 2.4GHz | 5GHz| 6GHz| Wi-Fi 6E | Wi-Fi hotspot, Bluetooth 5.4, NFC, Satellite Capable, Satellite Data Capable, NativeSatellite Capable
Processor
Qualcomm® Snapdragon® 6 Gen 3 processor
Operating System
Android
Ram
8 GB
Maximum Expandable Memory
1 TB
Wireless Network Technology Generations
4G LTE, 5G
Supported Email Platforms
Apple Mail, POP3, IMAP4, SMTP, Microsoft® Exchange, AOL, AIM, Yahoo!® Mail, Gmail
WEA Capable
true
Mobile Hotspot Capable
true
Frequency
GSM: 850 MHz, 900 MHz, 1800 MHz, 1900 MHz; LTE: 1, 2, 3, 4, 5, 7, 8, 12, 13, 14, 17, 18, 19, 20, 25, 26, 28, 29, 30, 38, 39, 40, 41, 42, 48, 66, 71; 5G: n1, n2, n3, n5, n7, n12, n14, n20, n25, n26, n28, n29, n30, n38, n40, n41, n48, n66, n70, n71, n77, n78; UMTS: Band I (2100), Band II (1900), Band IV (1700/2100), Band V (850), Band VIII (900)
Display
6.7"" Extreme AMOLED Super HD Display
Display resolution
2712 x 1220 pixels
Weight
6.78 Ounces
Length
0.33 Inches
Height
6.38 Inches
Width
2.94 Inches
Accessibility
Hearing Aid Compatibility
Pass"
samsung-galaxy-s26-plus,"Overview
Specs
Key features

T-Satellite with Starlink

This device is compatible with T-Satellite messaging, so you can stay connected in places never thought possible with the only mobile + satellite network that connects automatically.

Learn more about T-Satellite


Triple Camera System w/50MP Main Camera

12MP Front Facing Camera

50 Hours Talk Time

14.1 Days Standby Time

Other features
Fast. Powerful. AI-ready.
Photo Assist
Make it. Edit it. Share it.
Now Nudge with Galaxy AI
Immersive Viewing
AI Assistant in Your Ear
Android™ 16
Bluetooth® 6.0
Conversational Gain 15DB with Hearing Aids
Conversational Gain 19DB without Hearing Aids
Samsung Galaxy S26+ is designed for the moments when creativity strikes — and the pace of your day doesn’t slow down. Powered by Galaxy AI,1 it helps you shape ideas, express yourself and keep everything moving naturally from inspiration to execution.

With Photo Assist,2 creativity goes far beyond the original shot. Add or remove elements while restoring details or apply artistic styles like painting, black-and-white or playful illustrations to reimagine your photos in seconds. It’s an easy, intuitive way to give your images a new perspective — no additional apps required.

Creative Studio2 with Galaxy AI takes those ideas even further. Create custom stickers, personalized profile pictures or entirely new images with a simple prompt. Whether you’re refining a memory or starting from scratch, Galaxy S26+ makes it effortless to turn imagination into something tangible and ready to share.

As ideas turn into action, Galaxy S26+ keeps everything in sync. Now Nudge3 with Galaxy AI supports your conversations by surfacing helpful actions like adding events, viewing your calendar, sharing photos, browsing locations or sending contact details — right when they make sense. And with ProScaler enhancing sharpness and color automatically, everything you create, read and type looks clearer and more vibrant throughout the day.

Samsung Galaxy S26+ brings creativity and momentum together — helping you express more, organize faster and move through your day with ease.

Be sure to explore the new Galaxy S26 and Galaxy S26 Ultra, available on the nation’s largest and fastest 5G network.

1 Galaxy AI basic features provided by Samsung are free. Any Samsung enhanced AI features and all third-party AI features are subject to different terms and may be subject to fees.
2 Requires an internet connection / Samsung account login. Edited images may be resized and will have visible AI watermark. The accuracy and reliability of the generated output is not guaranteed.
3 Auto suggestion should be enabled. For location information, Location permission should be allowed.

Samsung Galaxy S26+ "
samsung-galaxy-s26,"Overview
Specs
Key features

T-Satellite with Starlink

This device is compatible with T-Satellite messaging, so you can stay connected in places never thought possible with the only mobile + satellite network that connects automatically.

Learn more about T-Satellite


Triple Camera System w/50MP Main Camera

12MP Front Facing Camera

44 Hours Talk Time

11.7 Days Standby Time

Other features
Fast. Powerful. AI-ready.
Photo Assist
Make it. Edit it. Share it.
Now Nudge with Galaxy AI
AI Assistant in Your Ear
Android™ 16
Bluetooth® 5.4
Conversational Gain 15DB with Hearing Aids
Conversational Gain 19DB without Hearing Aids
Samsung Galaxy S26 keeps things moving effortlessly. From quick replies to creative moments, everything feels smooth and responsive as you move between texting, scrolling, creating and sharing with Galaxy AI.1 Even better, this seamless experience comes alive on a larger,2 vibrant display that automatically enriches color to make photos feel more expressive and videos more engaging.

When inspiration strikes, it’s easy to act on it. Photo Assist3 with Galaxy AI helps you clean up a photo by removing distractions while restoring details or exploring artistic styles like painting, black and white or playful illustrations to give your photos an entirely new look. And when you want to do more, Creative Studio3 makes it simple to create custom stickers, personalize profile pictures or generate new images from a quick prompt. No extra apps. No technical skills. Just effortless tools that help turn ideas into something uniquely yours.

Samsung Galaxy S26 brings performance, immersion and creativity together — designed to keep everything you do feeling fast, vivid and inspired.

Be sure to explore the new Galaxy S26+ and Galaxy S26 Ultra, available on the nation’s largest and fastest 5G network.

1 Galaxy AI basic features provided by Samsung are free. Any Samsung enhanced AI features and all third-party AI features are subject to different terms and may be subject to fees.
2 As compared to S25.
3 Requires an internet connection / Samsung account login. Edited images may be resized and will have visible AI watermark. The accuracy and reliability of the generated output is not guaranteed.

Samsung Galaxy S26 "
google-pixel-10a,"Overview
Specs
Key features

T-Satellite with Starlink

This device is compatible with T-Satellite, so you can stay connected in places never thought possible with the only mobile + satellite network powering messaging and apps.

Learn more about T-Satellite

Dual rear camera system: 48 MP wide | 13 MP ultrawide | Super Res Zoom up to 8x

13MP front selfie camera

Talk Time

Standby Time

Other features
Gemini – Your quick thinking AI assistant. Ask Gemini to find and text options for your brunch date³
Gemini Live – Share your camera in conversations to have a live back-and-forth chat with Gemini⁴
Camera Coach – Helps you take better pics.  It’s like having a photo director on your phone.⁵
Battery – Get 30+ hours out of a full charge or turn on Extreme Battery Saver for up to 120 hours⁶
Tensor G4 – The power behind AI on Google Pixel
Auto Best Take – Snap the moment and let Pixel combine similar photos into one for best shot
Add Me – Be in the pic- even if you’re behind the camera by adding yourself in
Nano Banana – Blend images together and apply different creative styles to make them your own⁷
Meet Google Pixel 10a. Brilliant photography, helpful AI,1 and a durable design.2 It’s got all the essentials, plus features you’ll love.




1Gemini mobile app availability may vary by country and language. Check responses for accuracy. Internet connection required.
2Compared to Pixel 9a
3Internet connection required. Features may differ depending on subscription and account. Some apps require setup. Available on select devices, and in select countries and languages.
4Results for illustrative purposes and may vary. Check responses for accuracy. Compatible with certain features and accounts. Internet connection required. Available in select countries, languages, and to users 18+.
5Results may vary.
6Battery life depends upon many factors and usage of certain features will decrease battery life. Actual battery life may be lower. See g.co/pixel/battery-tests and g.co/pixel/batteryhealth for details. 7Check responses for accuracy. Compatible with certain features and accounts. Internet connection required. Available in select countries, languages, and to users 18+.. See policies.google.com/terms/generative-ai/use-policy to learn more.

What’s in the box
Google Pixel 10a
1 m USB-C® to USB-C® cable (USB 2.0) 1
SIM Tool
Additional spec details
Battery Description
5100 mAh
Ports
USB type C
Connectivity
Wi-Fi 6E with 2.4GHz, 5GHz, 6GHz, 2x2 MIMO, Bluetooth 6, NFC, Satellite Data Capable, NativeSatellite Capable, Satellite Capable
Processor
Google Tensor 4
Operating System
Android
Ram
8 GB
Maximum Expandable Memory
0 GB
Wireless Network Technology Generations
4G LTE, 5G
Supported Email Platforms
Gmail, Apple Mail, POP3, IMAP4, SMTP, Microsoft® Exchange, AOL, AIM, Yahoo!® Mail
WEA Capable
true
Mobile Hotspot Capable
true
Frequency
GSM: 850 MHz, 900 MHz, 1800 MHz, 1900 MHz; UMTS: Band I (2100), Band II (1900), Band IV (1700/2100), Band V (850), Band VIII (900); LTE: 1, 2, 3, 4, 5, 7, 8, 12, 13, 14, 17, 20, 25, 26, 28, 29, 30, 38, 41, 42, 48, 66, 75; 5G: n1, n2, n3, n5, n7, n8, n12, n14, n20, n26, n28, n38, n40, n41, n66, n70, n75, n77, n78, n79
Display
6.3'' Actua Display
Display resolution
2424 x 1080 pixels
Weight
6.5 Ounces
Length
0.4 Inches
Height
6.1 Inches
Width
2.9 Inches
Accessibility
Hearing Aid Compatibility
Pass"
motorola-razr-fold-2026,"Overview
Specs
Key features

T-Satellite with Starlink

This device is compatible with T-Satellite, so you can stay connected in places never thought possible with the only mobile + satellite network powering messaging and apps.

Learn more about T-Satellite

50MP Wide Camera + 50MP Ultrawide & Macro + 50MP Periscope Telephoto Lens

20MP Closed | 32MP Open Front Camera

37 Hours Talk Time

14.5 Days Standby Time

Other features
6.6"" external display that unfolds to reveal a massive 8.1"" 2K LTPO screen
Capture breathtaking photos & cinematic videos with the #1 foldable camera system on DXOMARK¹
Go for over 43 hours on a single charge of the 6000mAh battery⁷
Thin, lightweight design backed by a precision-engineered steel hinge⁵
IP49-rated protection against splashes and high-pressure water.⁴
Reimagining the way you multitask using Google Gemini⁶, moto ai³, Perplexity, and more.
Closed: 6.30 x 2.90 x 0.39 inches
Opened: 6.30 x 5.69 x 0.18 inches
Display Resolution: External: 1080 x 2520 pixels
Display Resloution: Internal: 2232 x 2484 pixels
Life’s constantly changing. The all-new motorola razr fold changes with it. Move from activity to activity effortlessly—it adapts to whatever you’re doing. Start on a super bright 6.6"" screen, then unfold to reveal your massive 8.1"" 2K display. Capture breathtaking photos and cinematic videos with a DXOMARK-awarded camera system.1 Go nonstop with one of the largest batteries among foldables2,5—and a slim, lightweight design. Explore worry-free thanks to Corning® Gorilla® Glass Ceramic 3. And simply do more with the world’s leading AI platforms like Google Gemini6, Pexplexity, and moto ai3. A new icon is unfolding with motorola razr fold.

Carrying for your motorola razr fold


Your phone comes with a Motorola- developed screen protector customized to razr’s unique foldable design. The screen protector is of superior quality and preserves the predicted service life of your phone.
To clean the internal display, we recommend using pre-moistened screen wipes or a lint-free cloth.
Do not use pressurized air dusters on the display.
Do not remove the pre-installed screen protector as it will damage the display
Avoid putting sharp items on the internal display, and do not add any type of screen protector to the display, as it may cause damage.

Also check out the motorola moto g – 2026, motorola moto g play – 2026, and motorola razr - Swarovski, available on the nation's largest and fastest nationwide 5G network.

motorola razr fold - 2026 "
motorola-razr-2026,"Overview
Specs
Key features

T-Satellite with Starlink

This device is compatible with T-Satellite, so you can stay connected in places never thought possible with the only mobile + satellite network powering messaging and apps.

Learn more about T-Satellite

50MP Camera with OIS + 50MP Ultrawide & Macro camera

32MP Front Camera

41 Hours Talk Time

24 Days Standby Time

Other features
Do more without opening on the 3.6"" external display
Capture photos and videos in new ways using Flex View, gestures, and pro-grade cameras
Over 36 hours of power¹
30W TurboPower™ charging²
Unfold a vibrant 6.9"" display for immersive entertainment, gaming, and multitasking
Ultra-compact foldable engineered with military-grade durability³
Do more with moto ai⁴, Gemini⁵, and Perplexity—AI tools that help you search, create & organize
Closed: 3.5 x 2.9 x 0.6 inches
Opened: 6.7 x 2.9 x 0.3 inches
Do more without opening. motorola razr puts everyday essentials right at your fingertips with a 3.6"" external display that lets you run full apps, reply to messages, and stay connected at a glance. Capture photos and videos in new ways using Flex View and a powerful dual 50MP main camera system built for creative flexibility. When you want more room, unfold a vibrant 6.9"" display for immersive entertainment and seamless multitasking. With over 36 hours of battery life1 and fast TurboPower™ charging2, it keeps up with your day. Finished in distinctive PANTONE® colors and engineered with military-grade durability3, it’s built to go wherever life takes you. The new motorola razr. Small flip. Big possibilities.

Carrying for your motorola razr


Your phone comes with a Motorola- developed screen protector customized to razr’s unique foldable design. The screen protector is of superior quality and preserves the predicted service life of your phone.
To clean the internal display, we recommend using pre-moistened screen wipes or a lint-free cloth.
Do not use pressurized air dusters on the display.
Do not remove the pre-installed screen protector as it will damage the display
Avoid putting sharp items on the internal display, and do not add any type of screen protector to the display, as it may cause damage.

Be sure to check out the moto g - 2026, motorola moto g play - 2026, and motorola razr - Swarovski, available on the nation's largest and fastest nationwide 5G network.

motorola razr - 2026 "
motorola-moto-g-2026,"Specs
Key features

T-Satellite with Starlink

This device is compatible with T-Satellite messaging, so you can stay connected in places never thought possible with the only mobile + satellite network that connects automatically.

Learn more about T-Satellite


50MP Quad Pixel camera system

32MP Front Camera

48 Hours Talk Time

27.5 Days Standby Time

Other features
Super-bright, super-smooth 6.7"" display¹
Superfast 5G performance³ with MediaTek Dimensity 6300 chipset
Long-lasting 5200 mAh battery⁵,⁶ with TurboPower™ charging⁷
Multidimensional audio with stereo speakers, Dolby Atmos® and Hi-Res Audio
Premium look and feel of vegan leather
Water-repllent design⁸
Scratch resistant Corning® Gorilla® Glass 3
Meet the new moto g - 2026, bringing you the best of entertainment and creativity on a phone within reach. Watch your favorite shows on the go, even in sunlight, on a super-bright, super-smooth 6.7"" 120Hz display1. Explore your creativity with breathtaking shots in any light. The 50MP AI-powered camera system2 makes it a snap. With 5G speed3, a superfast processor, and RAM Boost4, you’re unstoppable. Go for the epic win or become a multitasking marvel. Power through day after day with a 5200mAh battery5,6, then recharge in a flash with TurboPower™.6,7 Plus, listen to music and movies on stereo speakers with Dolby Atmos®. All in a sleek, premium design that’s built for life’s journey. Fuel the fun with the new moto g.

Be sure to explore the stunning razr - 2026 and razr fold - 2026, available on the nation's largest and fastest nationwide 5G network.

moto g - 2026 "
samsung-galaxy-a57-5g,"Overview
Specs
Key features

T-Satellite with Starlink

This device is compatible with T-Satellite messaging, so you can stay connected in places never thought possible with the only mobile + satellite network that connects automatically.

Learn more about T-Satellite


50MP Main, 12MP UW, & 5MP Macro Rear Cameras

12MP Front Facing Camera

49 Hours Talk Time

13.9 Days Standby Time

Other features
Awesomely Light
Awesomely Vivid Detail
Delight in the Details
Lasts Long. Charges Fast.
The Speed You Need
Keep Your Data Safe
Designed Tough
Keep Every Memory
Awesome Intelligence at Your Fingertips
A Digital Wallet Is Already in Your Galaxy
Conversational gain with hearing aids: 14dB
Conversational gain without hearing aids: 17B
Android 16.0
Galaxy A57 5G brings the best of A Series design and performance together in one sleek masterpiece. With slimmer bezels1 and a brilliant 6.7"""" Super AMOLED Plus display2 featuring immersive viewing, everything from streaming to scrolling looks bright and vivid wherever you are. From stunning landscapes to standout selfies, Galaxy A57 5G makes every shot count. Its triple-lens camera system, highlighted by the all-new 50MP HDR camera1, captures brighter images and vibrant low-light videos with improved shot speed. The front HDR camera keeps your selfies clear and natural. With built-in AI features, editing and exploring feels effortless. Use Best Face to make sure everyone looks their best, Instant Slow-Mo to stretch the moment to highlight the action and Object Eraser and Edit Suggestions to clean up the background. Use Circle to Search with Google3 and Gemini Live4 to find a look you like, explore and get things done easy with the help of awesome AI tools. Powered by a long-lasting battery and Super Fast Charging 2.0,5 you can do what you like for longer, while IP68 protection6 and long-term OS updates and security updates7 keep your device dependable for years to come. Galaxy A57 5G delivers an elevated experience that raises the standard for what an A-Series phone can be.

1Compared to Galaxy A56 5G.
2Measured diagonally, the screen size is 6.7"" in the full rectangle and 6.6"" accounting for the rounded corners. Actual viewable area is less due to the rounded corners and the camera cutout.
3Circle to Search requires internet connection; results may vary by uniqueness, clarity and framing of circled image and related factors.
4Requires Google Gemini account. Results may vary based on input; check responses for accuracy. Google and Gemini are trademarks of Google LLC.
5Requires 45W Super Fast Charger sold separately. Super Fast Charging speed depends on battery level and other factors; use only Samsung-approved chargers and cables; do not use any worn or damaged chargers or cables; incompatible charger or cable can cause serious injuries or damage to your device.
6Consistent with IP68 rating, water resistant in up to 5 feet of water for up to 30 minutes. Rinse residue / dry after wet.
7OS updates and 6 years of security updates from date of global manufacture [Q2 2026].
What’s in the box
Samsung Galaxy A57 5G
Data Cable (USB-C to USB-C)
Quick Start Guide
SIM Pin/Ejector
Terms & Conditions
HAC Insert
Additional spec details
Battery Description
5000 mAh
Ports
USB Type-C
Connectivity
Wi-Fi 802.11a/b/g/n/ac/ax Wi-Fi 6E, UMTS,HSDPA,HSPA+,LTE,5G, NFC, Bluetooth 6.0, Satellite Capable, NativeSatellite Capable
Processor
Samsung Exynos 1680 (4 nm)
Operating System
Android
Ram
8 GB
Maximum Expandable Memory
0 GB
Wireless Network Technology Generations
4G LTE, 5G
Supported Email Platforms
Apple Mail, POP3, IMAP4, SMTP, Microsoft® Exchange, AOL, AIM, Yahoo!® Mail, Gmail
WEA Capable
true
Mobile Hotspot Capable
true
Frequency
GSM: 850 MHz, 900 MHz, 1800 MHz, 1900 MHz; LTE: 1, 2, 3, 4, 5, 7, 12, 13, 20, 25, 26, 38, 39, 40, 41, 48, 66, 71; UMTS: Band I (2100), Band II (1900), Band IV (1700/2100), Band VIII (900); 5G: n2, n25, n41, n66, n71, n77, n78
Display
6.7"" Super AMOLED+ HDR+ Display
Display resolution
2340 x 1080 pixels
Weight
6.31 Ounces
Length
0.27 Inches
Height
6.36 Inches
Width
3.02 Inches"
samsung-galaxy-a37-5g,"Overview
Specs
Key features

T-Satellite with Starlink

This device is compatible with T-Satellite, so you can stay connected in places never thought possible with the only mobile + satellite network powering messaging and apps.

Learn more about T-Satellite

50MP Wide, 8MP Ultra Wide & 5MP Macro Cameras

12MP Front Camera

46 Hours Talk Time

16.7 Days Standby Time

Other features
Awesome price. Amazing value.
Awesome Perks (Partner Offers)
Samsung TV Plus
Super AMOLED Display
Amazing quality photos, effortlessly captured
Nightography
Long-Lasting Battery
Powerful Processor
5G Connectivity
One UI 8.5
Knox Vault
Privacy and Security
IP68 Rated
Samsung Wallet
Larger Storage
Circle to Search
Gemini Live
Fast & Fun Editing
Enhanced Design
Conversational gain with hearing aids: 16dB
Conversational gain without hearing aids: 19dB
Android 16.0
Galaxy A37 5G is a sleek and powerful entertainer that combines an elevated design, lasting performance and smart AI features. Its 6.7"" Super AMOLED display with immersive viewing and up to 1900 nits peak brightness makes videos, games and browsing look stunning. Capture every moment with the 50MP HDR camera, featuring brighter, sharper videos1 in low light and improved shot speed, while the studio-grade front camera ensures perfect selfies every time. Powered by the Exynos 1480 processor and a long-lasting battery with Super Fast Charging 2.0,2 A37 keeps you going throughout your day. Plus, the enhanced durability of Gorilla Glass Victus+ and IP68 protection3 keeps your phone safe from dust and dirt no matter where the day may take you. Whether you're staying connected, capturing moments or browsing, A37 gives you premium performance at an affordable price. It's the smart choice you’ve been waiting for.

1As compared to Galaxy A36 5G.
245W Super Fast Charger sold separately. Super Fast Charging speed depends on battery level and other factors; use only Samsung-approved chargers and cables; do not use any worn or damaged chargers or cables; incompatible charger or cable can cause serious injuries or damage to your device.
3IP68 rating for water and dust resistance. Water resistance based on laboratory test conditions for exposure to splashes of fresh water. Not advised for beach or pool use. Dust resistance based on laboratory test conditions,with limited protection against dust ingress.
What’s in the box
Samsung Galaxy A37 5G
Data Cable (USB-C to USB-C)
Quick Start Guide
SIM Pin/Ejector
Terms & Conditions
HAC Insert
Additional spec details
Battery Description
5000 mAh
Ports
USB Type-C
Connectivity
Wi-Fi 802.11a/b/g/n/ac/ax, UMTS,HSDPA,HSPA+,5G,LTE, Bluetooth 5.3, NFC, Satellite Capable, Satellite Data Capable
Processor
Exynos 1480 Octa-core
Operating System
Android
Ram
6 GB
Maximum Expandable Memory
0 GB
Wireless Network Technology Generations
4G LTE, 5G
Supported Email Platforms
Apple Mail, POP3, IMAP4, SMTP, Microsoft® Exchange, AOL, AIM, Yahoo!® Mail, Gmail
WEA Capable
true
Mobile Hotspot Capable
true
Frequency
GSM: 850 MHz, 900 MHz, 1800 MHz, 1900 MHz; LTE: 1, 2, 3, 4, 5, 7, 12, 13, 20, 25, 26, 38, 39, 40, 41, 48, 66, 71; UMTS: Band I (2100), Band II (1900), Band IV (1700/2100), Band VIII (900); 5G: n2, n25, n41, n66, n71, n78
Display
6.7” On-Cell Touch Super AMOLED Display
Display resolution
2340 x 1080 pixels
Weight
6.91 Ounces
Length
0.29 Inches
Height
6.41 Inches
Width
3.08 Inches
Accessibility
Hearing Aid Compatibility
Pass"
samsung-galaxy-a17-5g,"Overview
Specs
Key features

T-Satellite with Starlink

This device is compatible with T-Satellite, so you can stay connected in places never thought possible with the only mobile + satellite network powering messaging and apps.

Learn more about T-Satellite

Triple Rear Camera System with 50MP Main Camera

13MP Front Facing Camera

47 Hours Talk Time

14.5 Days Standby Time

Other features
Super AMOLED Display
Memories Made Picture Perfect
More Durable than Ever Before
Awesome Price. Awesome Value.
Samsung Wallet
6 OS and 6 Years of Security Updates
Super Fast Charging Capable
Expandable Storage - MicroSD Sold Separately
Knox Security
Awesome AI
Conversational gain without hearing aids: 14 db
Conversational gain with hearing aids: 13 db
Android 16.0
Galaxy A17 5G delivers everything you need at an awesome price for an awesome value. Capture precious memories in vivid colors and clarity with its enhanced triple-lens camera. Stream your favorite movies and shows on its crystal-clear 6.7"" display.1 Now with the power of AI, Galaxy A17 5G makes web searches that much easier to seamlessly plan events, make dinner reservations, find the perfect gifts for loved ones and more with the help of Google Gemini.2 Power through your day with a reliable Super Fast Charging3 battery, up to 2TB of expandable storage and ultra-fast 5G4 to stay connected with loved ones. As a Galaxy owner, you'll have access to amazing perks like Samsung Wallet,5 Samsung TV Plus and more. And with OS and security updates, Galaxy A17 5G keeps you protected and up to date.6 So bring home a phone that delivers incredible value and makes every day a little more awesome.

1 Measured diagonally, the screen size is 6.7"" in the full rectangle and 6.5"" accounting for the rounded corners. Actual viewable area is less due to the rounded corners and the camera cutout.
2 Seamless Action Across Apps is compatible with select apps. Requires Google Gemini account. Results may vary based on input; check responses for accuracy. Google and Gemini are trademarks of Google LLC.
3 25W Super Fast Charger sold separately. Super Fast Charging speed depends on battery level and other factors; use only Samsung-approved chargers and cables; do not use any worn or damaged chargers or cables; incompatible charger or cable can cause serious injuries or damage to your device.
4 Requires optimal 5G network connection, available in select markets. Check with your carrier for availability and details. Download and streaming speeds may vary based on content provider, server connection and other factors.
5 Requires a compatible NFC card from participating bank. See Samsung Wallet FAQ for more information.
6 6 OS upgrades and 6 years of security updates from date of global manufacture [Q3 2025].

What’s in the box
Samsung Galaxy A17 5G
USB-C to USB-C Data Cable
SIM Pin/Ejector
Quick Start Guide
Terms and Conditions
Additional spec details
Battery Description
5000 mAh
Ports
USB Type-C
Connectivity
Wi-Fi 802.11a/b/g/n/ac (2.4GHz & 5.0GHz), UMTS,HSDPA,HSPA+,LTE,5G, Bluetooth 5.3, NFC, Satellite Capable, Satellite Data Capable
Processor
Exynos 1330
Operating System
Android
Ram
4 GB
Maximum Expandable Memory
2 TB
Wireless Network Technology Generations
4G LTE, 5G
Supported Email Platforms
Apple Mail, POP3, IMAP4, SMTP, Microsoft® Exchange, AOL, AIM, Yahoo!® Mail, Gmail
WEA Capable
true
Mobile Hotspot Capable
true
Frequency
5G: n5, n25, n41, n66, n71, n77, n78; GSM: 850 MHz, 900 MHz, 1800 MHz, 1900 MHz; LTE: 1, 2, 4, 5, 7, 12, 13, 20, 25, 26, 38, 39, 40, 41, 48, 66, 71; UMTS: Band I (2100), Band II (1900), Band IV (1700/2100), Band VIII (900)
Display
6.7” FHD+ Super AMOLED
Display resolution
2340 x 1080 pixels
Weight
6.77 Ounces
Length
0.3 Inches
Height
6.47 Inches
Width
3.06 Inches
Accessibility
Hearing Aid Compatibility
Pass"
tcl-nxtpaper-70-pro,"Overview
Specs
Key features

T-Satellite with Starlink

This device is compatible with T-Satellite messaging, so you can stay connected in places never thought possible with the only mobile + satellite network that connects automatically.

Learn more about T-Satellite


50MP (Main + Macro Camera) + 8MP (Ultra-Wide) Rear Camera

32MP Front Camera

30.12 Hours Talk Time

22.3 Days Standby Time

Other features
NXTPAPER Key with Dedicated NXTPAPER Modes
Integrated AI
All-day Power with Large 5200mAh Battery
50MP Rear and 32MP Front Camera
Fast x8 Core Processing Power
Experience comfort, clarity, and effortless performance with the TCL NXTPAPER 70 Pro. Its large 6.9” FHD+ screen with NXTPAPER display technology ensures every moment feels gentle on your eyes. With the dedicated NXTPAPER key, you can instantly switch to Max Ink Mode for the perfect reading experience while extending battery life. Smoother gaming experience with a 120Hz refresh rate. A fast octa-core processor and a huge 5200mAh battery keep you creating, streaming, and multitasking day to night. Integrated AI features boost your productivity, while the dual 50MP main and 8MP ultra-wide rear camera with image stabilization captures life in stunning detail. 32MP front camera for bright, natural selfies. The dual speakers feature DTS 3D Boom Sound, so you can enjoy a premium audio experience on the go. Built tough with water and dust protection, the NXTPAPER 70 Pro is ready for every adventure, comfort, creativity, and connection in one device.


What’s in the box
Quick Reference Guide
USB Type-C Data Cable
SIM Tool
Product Safety Information Booklet
Additional spec details
Battery Description
5200mAh
Ports
USB Type-C
Connectivity
Wi-Fi 802.11a/b/g/n/ac/ax | 2.4GHz | 5GHz | 6GHz | Wi-Fi Hotspot , Bluetooth 5.4, NFC, Satellite Capable, NativeSatellite Capable
Processor
MediaTek Dimensity 7300
Operating System
Android
Ram
8 GB
Maximum Expandable Memory
2 TB
Wireless Network Technology Generations
4G LTE, 5G
Supported Email Platforms
Apple Mail, POP3, IMAP4, SMTP, Microsoft® Exchange, AOL, AIM, Yahoo!® Mail, GMail
WEA Capable
true
Mobile Hotspot Capable
true
Frequency
GSM: 850 MHz, 900 MHz, 1800 MHz, 1900 MHz; LTE: 1, 2, 3, 4, 5, 7, 12, 13, 17, 20, 25, 26, 28, 29, 30, 38, 41, 42, 66, 71; 5G: n1, n2, n3, n5, n12, n20, n25, n28, n30, n38, n40, n41, n48, n66, n70, n71, n77, n78; UMTS: Band I (2100), Band II (1900), Band IV (1700/2100), Band V (850)
Display
6.9"" IPS LCD / NXTPAPER
Display resolution
1080 x 2340 pixels
Weight
7.3 Ounces
Length
0.31 Inches
Height
6.67 Inches
Width
3.15 Inches
Accessibility
Hearing Aid Compatibility
Pass
Conversational Gain Rating - With Hearing-Aid
8.10 dB
Conversational Gain Rating - Without Hearing-Aid
12.79 dB"
t-mobile-revvl-8-pro,"Specs
Key features

T-Satellite with Starlink

This device is compatible with T-Satellite messaging, so you can stay connected in places never thought possible with the only mobile + satellite network that connects automatically.

Learn more about T-Satellite


50MP, OIS (Main), 13MP (Ultra-Wide), 2MP (Macro) Rear Camera

32MP Front Camera

35 Hours Talk Time

21.2 Days Standby Time

Other features
6.8” FHD + AMOLED Display
Qualcomm Snapdragon 6 Gen 3 Processor
Triple Camera System
50MP main lens with OIS
5000 mAh Battery
33W Wired Charging Capable
15W Wireless Charging Capable
Expandable Memory up to 2TB (micro-SD sold separately)
5G
IP67 Dust & Water Resistance Rating
Bluetooth 5.4
NFC Capable
Meet the T-Mobile Revvl 8 Pro, where power, style, and reliability come together without compromise. Stream, play, and multitask effortlessly on the stunning 6.8” FHD+ AMOLED display, delivering ultra-vivid color and smooth 120 Hz adaptive performance that automatically adjusts to your surroundings. Capture every detail of life’s best moments with the advanced triple camera system featuring Optical Image Stabilization (OIS) for crisp, steady shots in any setting. Stay connected with a long-lasting 5000 mAh battery and 33W fast charging that gets you recharged in no time. Backed by a powerful processor and T-Mobile’s largest and fastest nationwide 5G network, the Revvl 8 Pro keeps up with your world wherever it takes you. And for added peace of mind, it’s protected by T-Mobile’s exclusive Limited Lifetime Warranty, so you can count on your device for the long run.

Be sure to explore the new Revvl 8, powered by our largest and fastest 5G Network.


What’s in the box
T-Mobile® Revvl® 8 Pro
USB-C Cable
Quick Start Guide
Safety and Regulatory Information
Terms & Conditions
SIM Ejection Pin
Additional spec details
Battery Description
5000mAh
Ports
USB Type-C
Connectivity
802.11 a/b/g/n/ac/6e, Bluetooth 5.4, NFC, Satellite Capable
Processor
Qualcomm Snapdragon 6 Gen 3 (SM6475)
Operating System
Android
Ram
8 GB
Maximum Expandable Memory
2 TB
Wireless Network Technology Generations
4G LTE, 5G
Supported Email Platforms
Apple Mail, POP3, IMAP4, SMTP, Microsoft® Exchange, Yahoo!® Mail, Gmail
WEA Capable
true
Mobile Hotspot Capable
true
Frequency
GSM: 850 MHz, 900 MHz, 1800 MHz, 1900 MHz; LTE: 1, 2, 3, 4, 5, 7, 8, 12, 13, 14, 17, 20, 25, 26, 28, 32, 38, 39, 40, 41, 48, 66, 71; UMTS: Band I (2100), Band II (1900), Band IV (1700/2100), Band V (850), Band VIII (900)
Display
2.5D Glass FHD+ Display
Display resolution
1080 x 2392 pixels
Weight
7.06 Ounces
Length
0.33 Inches
Height
6.57 Inches
Width
3.1 Inches
Accessibility
Hearing Aid Compatibility
Pass"
motorola-razr-swarovski,"Overview
Specs
Key features

T-Satellite with Starlink

This device is compatible with T-Satellite messaging, so you can stay connected in places never thought possible with the only mobile + satellite network that connects automatically.

Learn more about T-Satellite


50MP Camera with OIS + 13MP Ultrawide & Macro camera

32MP Front Camera

38 Hours Talk Time

22.58 Days Standby Time

Other features
Iconic flip design and infused with crystals by Swarovski
Even more durable with titanium hinge and Corning® Gorilla® Glass Victus
Access your favorite apps on the 3.6” external display
50MP camera system powered by moto ai
More personalized assistance with moto ai¹
Vibrant 6.9"" ultrawide display
Go over a full day on a single charge of the 4500mAh battery²
Superfast, ultra-efficient processor
Expandable up to 16GB with RAM Boost
Brilliant Collection brings together motorola razr and moto buds loop, infused with crystals by Swarovski®, in a radiant showcase of how fashion and function can shine in perfect harmony. The motorola razr stands as the epitome of meticulous craftsmanship and timeless luxury. Designed to complement this iconic smartphone, moto buds loop transforms a pair of open earbuds into a work of art.

Both moto buds loop and motorola razr share the mesmerizing PANTONE3 Ice Melt color, a refreshing shade that evokes crisp clarity and calm innovation. Together, they offer a seamless blend of stunning design and advanced performance, built to elevate how you look, feel, and connect every day. And a premium crossbody case keeps it all safe and stylish.

Meet moto buds loop, earbuds designed to transform your listening experience with a lightweight, open-ear design that molds to your ears for that barely-there feel. Moto buds loop with crystals by Swarovski creates a luxurious design that catches the light like exquisite jewelry. Listen with Sound by Bose for exceptional clarity and detail. Experience crystal-clear calls and stay protected with a water-repellent design4

Carry your motorola razr safely and in style with a premium crossbody case. Meticulously crafted exclusively for motorola razr, it seamlessly fits your phone. Use the adjustable, detachable strap to turn the case into a crossbody bag, making it easy to grab and go. This transparent case keeps your motorola razr looking its iconic best.

Be sure to explore the stunning razr 2026 and razr fold 2026, available on the nation's largest and fastest nationwide 5G network.
razr – Swarovski "
samsung-galaxy-s25-fe,"Overview
Specs
Key features

T-Satellite with Starlink

This device is compatible with T-Satellite, so you can stay connected in places never thought possible with the only mobile + satellite network powering messaging and apps.

Learn more about T-Satellite

50MP(Wide) + 8MP(Tele) + 12MP(Ultra-Wide) Rear Cameras

12MP Dual Pixel Front Camera

56 Hours Talk Time

14.6 Days Standby Time

Other features
Premium Display
Thinner & Lighter
Durable
Generative Edit
Super Fast Charging and Battery Life
Flagship AP with Fast Cooling
Gemini Live with Camera Share
Enhanced Audio Visual Experience
Hands-free Convenience
Easy Pairing & Auto Switch
Galaxy S25 FE brings upgraded essentials to level up your everyday. Its lightweight and sleek design makes it easy to carry; and wrapped in durable Gorilla Glass Victus + and a sturdy Armor Aluminum frame, it’s built to go wherever life takes you. The 6.7"" full HD display1 with barely-there bezels gives you more room to see and do and ensures smooth scrolling with a refresh rate up to120Hz. Plus, S25 FE brings smart assistance to your everyday with Gemini Live.2 Show Gemini what you see with camera sharing, and ask questions in real time.

Add to that an advanced camera. Whether you're snapping a quick selfie or editing vacation footage, S25 FE helps you get the shot and polish it too. The triple-lens rear camera system captures every angle with clarity, and the 12MP front camera with ProVisual Engine makes every shot count--from bright daytime photos to clear low-light moments. Plus, now you can erase audio, adjust skin tone, resize objects and more with AI-powered Generative Edit.3

With a faster4 CPU, GPU and NPU, a larger vapor chamber for better cooling and a 4,900mAh battery with Super Fast Charging 2.0,5 Galaxy S25 FE delivers steady performance that carries you through your day.6

It’s the everyday-ready device with smart, powerful, premium features that actually make a difference.

1Measured diagonally, the Galaxy S25 FE screen size is 6.7"" in the full rectangle. Actual viewable area is less due to the rounded corners.
2Results for illustrative purposes and may vary. Check responses for accuracy. Compatible with certain features and with certain accounts. Internet connection required. Available on select devices, languages, and countries. Only available to users 18 years and older. Gemini is a trademark of Google LLC.
3Galaxy AI features by Samsung are free through 2025 and require Samsung account login. Generative Edit feature for Photo Assist requires a network connection and Samsung Account login. Editing with Generative Edit may result in a resized photo up to 12MP. A visible watermark is overlaid on the image output upon saving in order to indicate that the image is generated by AI. The accuracy and reliability of the generated output is not guaranteed.
4As compared to S24 FE.
5Super Fast Charging 2.0 requires 45W charger (sold separately). Use only Samsung approved chargers and cables. Do not use worn or damaged chargers or cables. An incompatible charger or cable can cause damage to your device and/or serious injuries.
6Based on average battery life under typical usage conditions. Average expected performance based on typical use. Actual battery life depends on factors such as network, features selected, frequency of calls, and voice, data, and other application usage patterns. Results may vary.

Be sure to also check out the stunning new Samsung Galaxy S25, Samsung Galaxy S25+, Samsung Galaxy S25 Ultra, and Samsung Galaxy S25 Edge, available on the nation’s largest and fastest nationwide 5G network.

Samsung Galaxy S25 FE "
google-pixel-10-pro-fold,"Overview
Specs
Key features

T-Satellite with Starlink

This device is compatible with T-Satellite, so you can stay connected in places never thought possible with the only mobile + satellite network powering messaging and apps.

Learn more about T-Satellite

48 MP wide w/Macro Focus |10.5 MP ultrawide | 10.8 MP 5x telephoto lens

10.5 MP Dual PD selfie camera with autofocus

Talk Time

Standby Time

Other features
Large Flexible Display: Massive 8"" screen for multitasking and entertainment. ²
Gemini Live: Instead of typing, use Gemini Live to have a natural, free-flowing conversation. ³
Veo 3: Turn text or images into short, high-quality videos with sound using Gemini.
Nano Banana: Picture yourself anywhere with edits that make your ideas real.⁴
Magic Cue: Get helpful info before you even ask. ⁵
Pixel Screenshots: Sort, search, and summarize screen captures.
Tensor G5: Made for powerful multitasking, it delivers AI helpfulness and an all-day battery life. ⁶
Fold-Optimized Camera Zoom: 20x Super Res Zoom and 5x telephoto clarity.
Camera Coach: Snap your best pics with the help of Gemini. ⁷
Google Photos: Make edits to your photos by simply asking.⁸
Pixelsnap Charging Tech - Snap-on wireless charging, made simple.⁹
Satellite SOS: Reach emergency help via satellite without signal.¹⁰
Dual SIM Flexibility: Use physical SIM or eSIM for flexible setup.¹¹
Effortless Switching: Move your data in minutes.¹²
Unfold extraordinary with Google Pixel 10 Pro Fold. Our largest screen, plus advanced AI with Gemini.1 It’s the best Pixel for multitasking and entertainment.

Be sure to explore the awesome Google Pixel 10, Google Pixel 10 Pro, and Google Pixel 10 Pro XL,powered by our largest and fastest 5G Network.

Google Pixel 10 Pro Fold "
google-pixel-10,"Overview
Specs
Key features

T-Satellite with Starlink

This device is compatible with T-Satellite, so you can stay connected in places never thought possible with the only mobile + satellite network powering messaging and apps.

Learn more about T-Satellite

Advanced triple rear camera : 48 MP wide w/Macro Focus | 13 MP ultrawide | 10.8 MP 5x telephoto lens

10.5 MP Dual PD selfie camera with autofocus

Talk Time

Standby Time

Other features
Gemini Live - Instead of typing, use Gemini Live to have a natural, free-flowing conversation.¹
Proactive Info with Magic Cue - Info pops up when and where you need it.²
Pixel Screenshots - Save, search, and summarize your screenshots.³
Google Tensor G5 Chip - Fast, efficient, AI-optimized performance.⁴
Advanced Camera Zoom - Capture distant detail with 20x Super Res Zoom.⁵
Camera Coach Guidance - Gemini suggests angles, lighting, and modes.⁶
Google Edit - Edit photos just by describing what you want.⁷
Pixelsnap Wireless Charging - Magnetic charging that clicks into place.⁸
Satellite SOS Connection - Call for help even without signal or Wi-Fi.⁹
eSIM-Only Simplicity - Store multiple numbers and switch plans digitally.¹⁰
Easy Platform Switching - Transfer photos, messages, and passwords in minutes.¹¹
Nano Banana: Picture yourself anywhere with edits that make your ideas real.¹²
Escape the ordinary with Google Pixel 10. It has Pixel’s most powerful chip, an incredible camera, and Gemini built in to supercharge your productivity and creativity.1

Be sure explore the awesome new Google Pixel 10 Pro and the Google Pixel 10 Pro XL powered by our largest and fastest 5G Network.

Google Pixel 10 "
google-pixel-10-pro,"Overview
Specs
Key features

T-Satellite with Starlink

This device is compatible with T-Satellite, so you can stay connected in places never thought possible with the only mobile + satellite network powering messaging and apps.

Learn more about T-Satellite

Pro triple rear camera : 50 MP wide | 48 MP ultrawide w/Macro Focus | 48 MP 5x telephoto lens

42 MP Dual PD selfie camera with autofocus

Talk Time

Standby Time

Other features
Refined Two-Size Design - Choose your fit with two polished, premium sizes. ²
Gemini Live - Instead of typing, use Gemini Live to have a natural, free-flowing conversation.¹
Veo 3-Video generation in Gemini. Create a high-quality short video simply by describing your idea.³
Proactive Info with Magic Cue: Info pops up when and where you need it. ⁴
Pixel Screenshots Tools - Summarize and search your screen captures. ⁵
Tensor G5 Chip - AI-powered performance built for pro-grade tasks. ⁶
Pro-Level Camera Zoom - 100x Pro Res Zoom & 20x Super Res Video. ⁷
Camera Coach Guidance - Gemini helps frame, light, and compose your shot. ⁸
Google Photos - Edit photos just by describing what you want. ⁹
Pixelsnap Charging Tech - Snap-on wireless charging, made simple. ¹⁰
SOS with Satellite Link - Get help off-grid, even without service. ¹¹
eSIM-Only Simplicity - Store multiple numbers and switch plans digitally. ¹²
Easy Platform Switching - Transfer photos, messages, and passwords in minutes. ¹³
Nano Banana: Picture yourself anywhere with edits that make your ideas real.¹⁴
Pixel 10 Pro is the ultimate Pixel experience, featuring unprecedented AI with Gemini, unbelievable camera quality, impeccable design, and the next-gen Google Tensor G5 chip.1

Be sure explore the awesome new Google Pixel 10 and the Google Pixel 10 Pro XL powered by our largest and fastest 5G Network.

Google Pixel 10 Pro "
google-pixel-10-pro-xl,"Overview
Specs
Key features

T-Satellite with Starlink

This device is compatible with T-Satellite, so you can stay connected in places never thought possible with the only mobile + satellite network powering messaging and apps.

Learn more about T-Satellite

Pro triple rear camera : 50 MP wide | 48 MP ultrawide w/Macro Focus |48 MP 5x telephoto lens

42 MP Dual PD selfie camera with autofocus

Talk Time

Standby Time

Other features
Refined Two-Size Design - Choose your fit with two polished, premium sizes. ²
Gemini Live - Instead of typing, use Gemini Live to have a natural, free-flowing conversation.¹
Veo 3-Video generation in Gemini. Create a high-quality short video simply by describing your idea.³
Proactive Info with Magic Cue: Info pops up when and where you need it. ⁴
Pixel Screenshots Tools - Summarize and search your screen captures. ⁵
Tensor G5 Chip - AI-powered performance built for pro-grade tasks. ⁶
Pro-Level Camera Zoom - 100x Pro Res Zoom & 20x Super Res Video. ⁷
Camera Coach Guidance - Gemini helps frame, light, and compose your shot. ⁸
Google Photos - Edit photos just by describing what you want. ⁹
Pixelsnap Charging Tech - Snap-on wireless charging, made simple. ¹⁰
SOS with Satellite Link - Get help off-grid, even without service. ¹¹
eSIM-Only Simplicity - Store multiple numbers and switch plans digitally. ¹²
Easy Platform Switching - Transfer photos, messages, and passwords in minutes. ¹³
Nano Banana: Picture yourself anywhere with edits that make your ideas real.¹⁴
Pixel 10 Pro XL is the ultimate Pixel experience, featuring unprecedented AI with Gemini, unbelievable camera quality, impeccable design, and the next-gen Google Tensor G5 chip.1<

Be sure to explore the awesome new Google Pixel 10 and the Google Pixel 10 Pro powered by our largest and fastest 5G Network.

Google Pixel 10 Pro XL "
t-mobile-revvl-8,"Specs
Key features

T-Satellite with Starlink

This device is compatible with T-Satellite messaging, so you can stay connected in places never thought possible with the only mobile + satellite network that connects automatically.

Learn more about T-Satellite


50 MP, OIS (Main), 2MP (Macro) Rear Cameras

13MP Front Facing

37 Hours Talk Time

24.7 Days Standby Time

Other features
6.6"" FHD+ Display w/ 120 Hz Refresh
Qualcomm Snapdragon 6 Gen 3 (SM6475)
6GB + 128GB Memory with up to 2TB microSD support (SD card sold separately)
Dual Camera System with 50MP OIS main lens + 2 MP Macro
13MP Selfie Camera
Stereo Sound
5000mAh + 25W Charging
FPS + Face Unlock
eSIM Enabled
Limited Lifetime Warranty
The T-Mobile Revvl 8 delivers impressive performance and premium essentials—without the premium price. Enjoy your favorite content in stunning detail on the 6.6” FHD+ display, featuring a super-smooth adaptive 120Hz refresh rate for seamless scrolling and streaming.

Capture every moment with clarity using the dual rear cameras, led by a 50MP main lens with Optical Image Stabilization (OIS) for sharp, steady photos—even on the move. A long-lasting 5000mAh battery with fast charging keeps you going all day without slowing down.

All this is backed by T-Mobile’s exclusive limited lifetime warranty and supported on America’s largest and fastest 5G network, so you’re covered wherever life takes you.

Be sure to explore the new Revvl 8 Pro, powered by our largest and fastest 5G Network.


What’s in the box
T-Mobile® Revvl® 8
USB-C Cable
Quick Start Guide
Safety and Regulation Information
Terms & Conditions
SIM Ejection Pin
Additional spec details
Battery Description
5000mAh
Ports
3.5mm Jack, USB Type-C
Connectivity
802.11 a/b/g/n/ac, Bluetooth 5.1, NFC, Satellite Capable, NativeSatellite Capable
Processor
Qualcomm Snapdragon 6 Gen 3 (SM6475)
Operating System
Android
Ram
6 GB
Maximum Expandable Memory
2 TB
Wireless Network Technology Generations
4G LTE, 5G
Supported Email Platforms
Apple Mail, POP3, IMAP4, SMTP, Microsoft® Exchange, AOL, AIM, Yahoo!® Mail, GMail
WEA Capable
true
Mobile Hotspot Capable
true
Frequency
GSM: 850 MHz, 900 MHz, 1800 MHz, 1900 MHz; LTE: 2, 4, 5, 7, 12, 25, 26, 28, 41, 48, 66, 71; UMTS: Band II (1900), Band IV (1700/2100), Band V (850)
Display
2.5D Glass FHD+ Display
Display resolution
1080 x 2408 pixels
Weight
7.2 Ounces
Length
0.36 Inches
Height
6.56 Inches
Width
3.04 Inches
Accessibility
Hearing Aid Compatibility
Pass"
samsung-galaxy-z-fold7,"Specs
Key features

T-Satellite with Starlink

This device is compatible with T-Satellite, so you can stay connected in places never thought possible with the only mobile + satellite network powering messaging and apps.

Learn more about T-Satellite

200MP Wide, 12MP UW & 10MP Telephoto Camera System

10MP Front Facing Camera & 10MP Cover Camera when Folded

46 Hours Talk Time

14 Days Standby Time

Other features
Seamless Action Across Apps with Galaxy AI
Now Brief with Galaxy AI
Night Video with Audio Eraser with Galaxy AI
Best Face with Galaxy AI
Portrait Selfie with Galaxy AI
Gallery Search with Galaxy AI
Flex Mode
Samsung Wallet
Tap to Transfer (P2P)
Super-Fast Charging Capable
IPx8 Water Resistant
Wireless Charging & PowerShare
Fingerprint ID
Android 16 OS
Bluetooth 5.4
Wi-Fi 7
Conversational Gains 13dB w/Hearing Aid & 14dB w/out Hearing Aid
5.64” Width x 0.17” Depth Unfolded
2.87” Width x 0.35” Depth Folded
Build unstoppable teams equipped to do even more with the intuitive integrations of Galaxy Z Fold7. Featuring an expansive full screen experience, Galaxy AI for Business and Google Gemini with camera and screen sharing, your team can now consolidate their device experience and seamlessly collaborate ontheir phones the way they already do on a laptop. Plus, with Knox Suite defense-grade security, your device, data and clients’ data are protected from the chip up—keeping passwords, biometrics and other sensitive data secure from even the most sophisticated hackers. All ready to easily deploy, and control using Knox Manage with Galaxy AI
Display: Display measurements are diagonal, and actual viewable area is less due to rounded corners and camera hole punch.
NoteAssist: For text in Samsung Notes only (200 – 4,000 characters); requires Samsung account login and internet connection.
Galaxy AI: Galaxy AI features by Samsung will beprovided for free until the end of 2025 on supported Samsung Galaxy devices.
Be sure to also check out the stunning new Samsung Galaxy Z Flip7, available on the nation’s largest and fastest nationwide 5G network.

Samsung Galaxy Z Fold7 "
samsung-galaxy-s25-edge,"Overview
Specs
Key features

T-Satellite with Starlink

This device is compatible with T-Satellite, so you can stay connected in places never thought possible with the only mobile + satellite network powering messaging and apps.

Learn more about T-Satellite

Dual Camera System with 200MP Wide Angle Camera

12MP Front Camera

37 Hours Talk Time

11.25 Days Standby Time

Other features
Super Slim. Super Light.
Not Slim on Toughness.
200MP in a Super-slim Phone
Let Galaxy AI¹ do it
Selfies that Stun
Samsung Wallet
Bluetooth 5.4
Conversational gain w/hearing aids: 16 dB
Conversational gain w/out hearing aids: 19 dB
25W Super-Fast Charging Capable
Lighten up with Galaxy S25 Edge. Our slimmest S Series phone yet packs big phone performance and AI capabilities into a compact, lightweight design that slips right into your day.

But don’t be fooled by its slim size, it’s made with the same tough Titanium frame and durable Gorilla Armor 2 face that stands up to your day. It’s powerful too, with a processor that handles AI features flawlessly.

Be ready to capture extraordinary moments with a camera that’s the envy of other slim phones. Snap crystal-clear photos with a 200MP camera and at night, reveal the unseen with AI-powered Nightography for photos that shine bright. With S25 Edge, you’ll always look your best, too. Portrait Selfie enhances skin tones for a polished, natural look. And Best Face captures everyone’s good side every time – it can even save the day when someone in your group shot accidentally blinks.

Discover a true AI companion with a phone that does more for you. From daily briefings2 to knocking out multiple tasks with one ask,3 Slim impressively handles your needs in seconds so you can spend more time doing other things you love.

Lightweight has never felt so powerful — Galaxy S25 Edge.

Be sure to also check out the stunning new Samsung Galaxy S25, Samsung Galaxy S25+, Samsung Galaxy S25 Ultra, and Samsung Galaxy S25 FE, available on the nation’s largest and fastest nationwide 5G network.

Samsung Galaxy S25 Edge "
motorola-razr-plus-2025,"Overview
Specs
Key features

T-Satellite with Starlink

This device is compatible with T-Satellite messaging, so you can stay connected in places never thought possible with the only mobile + satellite network that connects automatically.

Learn more about T-Satellite


50MP Main Camera with OIS + 50MP Telephoto Lens with 2x optical zoom

32MP Quad Pixel Front Camera

24 Hours Talk Time

11.75 Days Standby Time

Other features
Iconic Flip design
More durable with titanium-reinforced hinge and Corningᴿ Gorillaᴿ Glass Victus
Intelligent 4.0"" external screen to do more without opening your phone
50MP camera system powered by moto ai
More personalized assistance thanks to the seamless integration of moto ai
Snapdragonᴿ 8s Gen 3 performance
Go a full day and night with the 4000mAh battery⁴
Get power for the day in about 12 minutes using a 45W TurboPowerᵀᴹ charger⁵
Make it smarter. Make it last longer. Make it even more iconic. Introducing motorola razr. Set yourself apart from the crowd with an ultra-compact, durable design featuring distinctive finishes in the latest curated Pantone3 Colors. Easily access all your favorite apps on the 3.6"" external display—without having to flip open the phone. Capture professional-level photos and videos and enjoy personalized assistance thanks to the seamless integration of moto ai1 and Google Gemini4. View everything on a large, vibrant 6.9"" LTPO main display, and listen with Dolby Atmos® stereo sound. Get over a day of battery life2 and refuel with blazing-fast 30W TurboPower™6. Plus, experience a boost in AI performance with a fast, efficient processor5. The new motorola razr. Make it yours.

Be sure to explore the stunning razr 2026 and razr fold 2026, available on the nation's largest and fastest nationwide 5G network.

razr+ 2025 "
google-pixel-9,"Overview
Specs
Key features

T-Satellite with Starlink

This device is compatible with T-Satellite, so you can stay connected in places never thought possible with the only mobile + satellite network powering messaging and apps.

Learn more about T-Satellite

50 MP wide Camera + 48 MP ultrawide with Macro Focus

10.5 MP Dual PD selfie camera with autofocus

Talk Time

Standby Time

Other features
Google Tensor G4 – the power behind Google AI on Pixel
Gemini – your AI assistant built in. Hold the power button to start writing and planning²
Summarize – Use Gemini to summarize your unread messages in Gmail and more²
Advanced Camera – new 48 MP ultrawide camera for stunning Macro Focus
Reimagine in Magic Editor – like adding fall leaves or green grass to your photo
Circle to Search – Just circle what you want more info about- an image, text, or video³
Best Take – Pixel finds the best moment, or you can choose everyone’s best expression⁴
Add Me – makes sure no one is left out of a photo by merging photos⁴
Pixel Screenshots – saves info you want to remember later – like events, places, and more
Includes – 6 mos of Google One Premium 2 TB plan and Fitbit Premium plus 3 mos of YouTube Premium⁴
Meet Pixel 9 with Gemini. Engineered by Google, Pixel gets the best of Google’s AI first. So you can take amazing photos, make edits like magic, and get things done even easier. Pixel can protect against spam and other threats. It helps you in an emergency.1 And it’s built to last.

Also checkout the newest Google Pixel phones, including Pixel 10a, Pixel 10 Pro, Pixel 10 Pro Fold and the Pixel 10 Pro XL on our largest and fastest 5G network.

Google Pixel 9 "
samsung-galaxy-s25,"Specs
Key features

T-Satellite with Starlink

This device is compatible with T-Satellite, so you can stay connected in places never thought possible with the only mobile + satellite network powering messaging and apps.

Learn more about T-Satellite

50MP(Wide) + 10MP(Tele) + 12MP(Ultra-Wide) Rear Cameras

12MP Front Camera

38 Hours Talk Time

11.5 Days Standby Time

Other features
Multiple Tasks with One Ask
Insights that Keep You a Step Ahead
Night Video with Audio Eraser
Portrait Selfie
Next Gen Processor
The Display Your Content Deserves
Energy Score
AI-powered Advanced Sleep
Now Bar
Battery Optimization
AI Select
Samsung Wallet
Bluetooth 5.4
Conversational gain w/hearing aids: 11 dB
Conversational gain w/out hearing aids: 14 dB
Imagine a new phone that truly simplifies your day. Galaxy S25 does more than keep your world all in one place — it uses AI1 to intuitively streamline your life.

What if you could plan a night out with your friends with one simple ask? Your personal assistant will find the perfect spot and text it to them.2 Want to keep tabs on your busy day ahead? Galaxy S25 gives you the insights you need before you know you need them with Now Brief. Want to wow with your content? Capture and curate post-worthy shots every time with an incredible high-res camera. Looking for a phone that can truly keep up with you? Galaxy S25 is built with a longlasting battery.

What if you could experience epic tech that brings ease to your everyday? Galaxy S25 does just that.

1Galaxy AI features by Samsung are free through 2025 and require Samsung account login.
2Compatible with select apps. Requires Google Gemini account. Results may vary based on input; check responses for accuracy.

Be sure to also check out the stunning new Samsung Galaxy S25 FE, Samsung Galaxy S25+, Samsung Galaxy S25 Ultra, and Samsung Galaxy S25 Edge, available on the nation’s largest and fastest nationwide 5G network.

Samsung Galaxy S25 "
motorola-razr-2025,"Overview
Specs
Key features

T-Satellite with Starlink

This device is compatible with T-Satellite messaging, so you can stay connected in places never thought possible with the only mobile + satellite network that connects automatically.

Learn more about T-Satellite


50MP Camera with OIS + 13MP Ultrawide & Macro camera

32MP Front Camera

38 Hours Talk Time

22.58 Days Standby Time

Other features
Iconic flip design
Even more durable with titanium hinge and Corning® Gorilla® Glass Victus
Access your favorite apps on the 3.6” external display
50MP camera system powered by moto ai
More personalized assistance with moto ai¹
Vibrant 6.9"" ultrawide display
Go over a full day on a single charge of the 4500mAh battery²
Superfast, ultra-efficient processor
Expandable up to 16GB with RAM Boost⁷
Make it smarter. Make it last longer. Make it even more iconic. Introducing motorola razr. Set yourself apart from the crowd with an ultra-compact, durable design featuring distinctive finishes in the latest curated Pantone3 Colors. Easily access all your favorite apps on the 3.6"" external display—without having to flip open the phone. Capture professional-level photos and videos and enjoy personalized assistance thanks to the seamless integration of moto ai1 and Google Gemini4. View everything on a large, vibrant 6.9"" LTPO main display, and listen with Dolby Atmos® stereo sound. Get over a day of battery life2 and refuel with blazing-fast 30W TurboPower™6. Plus, experience a boost in AI performance with a fast, efficient processor5. The new motorola razr. Make it yours.

Check out our best deals on Motorola phones & accessories.

1Motorola Account login is required to access moto ai features. An internet or cellular connection is needed for functionality.
2All battery life claims are approximate and based on the median user tested across a mixed use profile (which includes both usage and standby time) under optimal network conditions. Actual battery performance will vary and depends on many factors including signal strength, network and device settings, temperature, battery condition, and usage patterns.
3PANTONE Colors generated may not match PANTONE-identified standards. Consult current PANTONE Publications for accurate color. PANTONE and other Pantone trademarks are the property of Pantone LLC. © Pantone LLC, 2025
4Gemini is a trademark of Google LLC. Gemini mobile app available on select devices, languages, and countries. Internet connection required. Check responses for accuracy.
5Compared with previous generation MediaTek Dimensity 7300X
6Charger may be sold separately.
7Extended RAM requires use of phone's internal storage as virtual memory, decreasing storage capacity; available user storage is less while in use. 8GB model: 8GB physical RAM + up to 8GB RAM Boost (4GB Default | 8GB Max) Available RAM is less due to operating system, software and other functions; may change with software updates. Features vary by market.
What’s in the box
Motorola razr - 2025
USB Type-C Cable
Guides
SIM Tool
Additional spec details
Battery Description
4500 mAh
Ports
USB Type-C
Connectivity
Wi-Fi 6/6E,802.11a/b/g/n/ac/ax,2.4GHz & 5GHz & 6GHz, Bluetooth® 5.4, NFC, Satellite Capable
Processor
MediaTek Dimensity 7400X
Operating System
Android
Ram
8 GB
Maximum Expandable Memory
0 GB
Wireless Network Technology Generations
4G LTE, 5G
Supported Email Platforms
Apple Mail, POP3, IMAP4, SMTP, Microsoft® Exchange, AOL, AIM, Yahoo!® Mail, GMail
WEA Capable
true
Mobile Hotspot Capable
true
Frequency
GSM: 850 MHz, 900 MHz, 1800 MHz, 1900 MHz; UMTS: Band I (2100), Band II (1900), Band IV (1700/2100), Band V (850), Band VIII (900); LTE: 1, 2, 3, 4, 5, 7, 8, 12, 13, 14, 17, 18, 19, 20, 25, 26, 28, 29, 30, 38, 39, 40, 41, 48, 66, 71; 5G: n1, n2, n3, n5, n7, n12, n13, n14, n20, n25, n26, n28, n29, n30, n38, n40, n41, n48, n66, n70, n71, n77, n78
Display
6.9” FHD+ pOLED display
Display resolution
2640 x 1080 pixels
Weight
6.6 Ounces
Length
0.3 Inches
Height
6.7 Inches
Width
2.9 Inches
Accessibility
Hearing Aid Compatibility
Pass"
apple-iphone-16,"Specs
Key features

T-Satellite with Starlink

This device is compatible with T-Satellite, so you can stay connected in places never thought possible with the only mobile + satellite network powering messaging and apps.

Learn more about T-Satellite

Advanced Dual 48MP Fusion and 12MP Ultra Wide Cameras

12MP TrueDepth front camera

22 Hours Talk Time

Standby Time

Other features
Built for Apple Intelligence¹
Photographic Styles
Supersmart A18 Chip
Longer battery life³
Designed to Last⁴
Customize your iPhone⁵
Satellite Connectivity⁶˒⁷
iPhone 16. Built for Apple Intelligence.1 Featuring Camera Control. 48MP Fusion camera. Five vibrant colors. And A18 chip.

Also be sure to explore the stunning new Apple iPhone 17, Apple iPhone Air, Apple iPhone 17 Pro and Apple iPhone 17 Pro Max available on the nation’s largest and fastest nationwide 5G network.

iPhone 16 "
samsung-galaxy-s25-plus,"Overview
Specs
Key features

T-Satellite with Starlink

This device is compatible with T-Satellite, so you can stay connected in places never thought possible with the only mobile + satellite network powering messaging and apps.

Learn more about T-Satellite

50MP(Wide) + 10MP(Tele) + 12MP(Ultra-Wide) Rear Cameras

12MP Front Camera

49 Hours Talk Time

14.1 Days Standby Time

Other features
Multiple Tasks with One Ask
Insights that Keep You a Step Ahead
Night Video with Audio Eraser
Portrait Selfie
Next Gen Processor
The Display Your Content Deserves
Your Images, Clearer Than Ever
Energy Score
AI-powered Advanced Sleep
Now Bar
Battery Optimization
AI Select
Samsung Wallet
Bluetooth 5.4
Conversational gain w/hearing aids: 12 dB
Conversational gain w/out hearing aids: 14 dB
Make life easier with an epic phone that really gets you. The intuitive Galaxy S25+ features the latest in AI1 to help make every day more effortless.

Save time with a phone that feels almost like a real live personal assistant. Meeting friends for a night out? Ask your phone to search for the closest vegan restaurant and then text it to them.2

Galaxy S25+ handles multiple tasks with a single ask, freeing up time so you can focus on your look. Did you get to the restaurant early? Scroll through your feed on a display that enhances images on your screen, making all your favorite photos pop, with ProScaler.3 Better yet, rack up a few likes of your own with a stunning selfie captured with an improved camera that brings out the best in every face so your true self shines through. Rain expected on your way home? Luckily, your phone let you know before you headed out, keeping you a step ahead.

Galaxy S25+ isn’t just an AI-enhanced phone — it’s a way to take some of the hassle out of your everyday.

1Galaxy AI features by Samsung are free through 2025 and require Samsung account login.
2Compatible with select apps. Requires Google Gemini account. Results may vary based on input; check responses for accuracy.
3Requires screen resolution setting to QHD+.

Be sure to also check out the stunning new Samsung Galaxy S25, Samsung Galaxy S25 FE, Samsung Galaxy S25 Ultra, and Samsung Galaxy S25 Edge, available on the nation’s largest and fastest nationwide 5G network.

Samsung Galaxy S25+ "
samsung-galaxy-s25-ultra,"Overview
Specs
Key features

T-Satellite with Starlink

This device is compatible with T-Satellite, so you can stay connected in places never thought possible with the only mobile + satellite network powering messaging and apps.

Learn more about T-Satellite

200MP(Wide) + 12MP(Ultra-Wide) + 10MP(Tele) + 50MP(Dual) Rear Cameras

12MP Front Camera

49 Hours Talk Time

14.4 Days Standby Time

Other features
Multiple Tasks with One Ask
Insights that Keep You a Step Ahead
Night Video with Audio Eraser
Portrait Selfie
Next Gen Processor
The Display Your Content Deserves
Your Images, Clearer Than Ever
Energy Score
AI-powered Advanced Sleep
Now Bar
Battery Optimization
High Resolution Ultra Wide-Angle Camera
AI Select
Redesigned from the Inside Out
Samsung Wallet
Bluetooth 5.4
Conversational gain w/hearing aids: 13 dB
Conversational gain w/out hearing aids: 16 dB
Staying in the moment is easier than ever with the all-new Galaxy S25 Ultra. Its intelligent AI1 transforms into your own virtual assistant that evolves with you to work better for you.

Let’s say you want to enjoy a night out with friends but don’t have time to plan. Just ask Galaxy S25 Ultra to invite your friends to the nearest bowling lounge tonight. Your phone will find the info and text it to them.2 You don’t need to slow down your speech or speak like a robot — just talk to your phone naturally, and it will understand.

While you’re out rolling spares, Night Video brings out the details in every moment — even in low light — while Audio Eraser makes it easy to reduce distracting noises,3 like those pins crashing one lane over. Galaxy S25 Ultra also keeps up with your schedule and provides the weather forecast for your night, allowing you to stay a step ahead and adjust plans on the fly.

With a phone as evolved as Galaxy S25 Ultra, you don’t have to sweat the small stuff — it’s handled intelligently.

1Galaxy AI features by Samsung are free through 2025 and require Samsung account login.
2Compatible with select apps. Requires Google Gemini account. Results may vary based on input; check responses for accuracy.
3Compatible with common video formats accessible in Gallery; helps minimize six sounds (Voice/speech, Music, Noise, Crowd, Nature, Wind). Utilizes AI; results vary.

Be sure to also check out the stunning new Samsung Galaxy S25, Samsung Galaxy S25+, Samsung Galaxy S25 FE, and Samsung Galaxy S25 Edge, available on the nation’s largest and fastest nationwide 5G network..

Samsung Galaxy S25 Ultra "
motorola-razr-ultra-2025,"Overview
Specs
Key features

T-Satellite with Starlink

This device is compatible with T-Satellite messaging, so you can stay connected in places never thought possible with the only mobile + satellite network that connects automatically.

Learn more about T-Satellite


Advanced Triple 50MP Camera

50MP Main Sensor + 50MP Ultrawide & Macro lens + 50MP front camera

35 Hours Talk Time

13.2 Days Standby Time

Other features
Ultimate style meets the iconic flip design
Even more durable with titanium hinge and Corning® Gorilla™ Glass Ceramic
Access your favorite apps on the most intelligent and interactive 4.0” external display
Most advanced 50MP camera system, powered by moto ai.
Elevated interactions with moto ai¹ and Google Gemini
Industry leading Snapdragon® 8 Elite performance ³
Fastest charging flip phone with 68W TurboPower™ charging
View everything on a 7” Super HD (1224p) 165Hz display
Expandable up to 32GB with RAM Boost⁷
Make it smarter. Make it faster. Make it even more iconic. Introducing the motorola razr ultra. Ultra-compact and exquisitely crafted, it features distinctive finishes such as Alcantara4,3 and all in specially curated Pantone Colors. Easily access your favorite apps on the most intelligent and interactive external display. All without having to flip open your phone. Capture professional-level photos and videos and enjoy personalized assistance thanks to the seamless integration of moto ai1. Accelerate everything with industry-leading Snapdragon® AI performance. And get the fastest charging of any flip phone2 thanks to 68W TurboPower™. The new motorola razr ultra. Make it yours.Be sure to explore the stunning razr 2026 and razr fold 2026, available on the nation's largest and fastest nationwide 5G network.

razr ultra 2025 "
apple-iphone-16-plus,"Specs
Key features

T-Satellite with Starlink

This device is compatible with T-Satellite, so you can stay connected in places never thought possible with the only mobile + satellite network powering messaging and apps.

Learn more about T-Satellite

Advanced Dual 48MP Fusion and 12MP Ultra Wide Cameras

12MP TrueDepth front camera

27 Hours Talk Time

Standby Time

Other features
Built for Apple Intelligence¹
Photographic Styles
Supersmart A18 Chip
Longer battery life³
Designed to Last⁴
Customize your iPhone⁵
Satellite Connectivity⁶,⁷
iPhone 16 Plus. Built for Apple Intelligence.1 Featuring Camera Control. 48MP Fusion camera. Five vibrant colors. And A18 chip.

Also be sure to explore stunning new Apple iPhone 17, Apple iPhone Air, Apple iPhone 17 Pro and Apple iPhone 17 Pro Max available on the nation’s largest and fastest nationwide 5G network.

iPhone 16 Plus "
apple-iphone-16e,"Overview
Specs
Key features

T-Satellite with Starlink

This device is compatible with T-Satellite, so you can stay connected in places never thought possible with the only mobile + satellite network powering messaging and apps.

Learn more about T-Satellite

48MP Fusion Camera with super higher resolution photos and an optical-quality 2x Telephoto

12MP TrueDepth front camera

21 Hours Talk Time

Standby Time

Other features
Built for Apple Intelligence ¹
A18 Chip. Fast into Future
Supersized Battery Life - up to 26 hours of video playback² and best battery life in a 6.1"" iPhone³
Durable Design. Brilliant Display - Stunning 6.1-inch display uses OLED technology
Action Button - Quick customizable access to your favorite apps and features
Make it yours with iOS 18, you can customize your Home Screen and Lock Screen.
Satellite Features⁴
Privacy - Use Face ID to securely unlock, sign in, and pay.
iPhone 16e is built for Apple Intelligence and powered by the A18 chip.1 Shoot super-high-resolution photos with the 48MP Fusion camera. And with supersized battery life, you have more time to text, browse, and more.

Also be sure to explore the stunning new Apple iPhone 17, Apple iPhone Air, Apple iPhone 17 Pro and Apple iPhone 17 Pro Max available on the nation’s largest and fastest nationwide 5G network.

iPhone 16e "
google-pixel-9a,"Overview
Specs
Key features

T-Satellite with Starlink

This device is compatible with T-Satellite messaging, so you can stay connected in places never thought possible with the only mobile + satellite network that connects automatically.

Learn more about T-Satellite


Dual rear camera system: 48 MP wide | 13 MP ultrawide | Super Res Zoom up to 8x

13MP front selfie camera

Talk Time

Standby Time

Other features
Add Me- Take a pic with the group, then swap in the photographer and magically merge both photos⁴
Gemini- Your built-in AI assistant. Hold the power button to start writing and planning¹
Gemini Live- Instead of typing, talk things out live and have a natural free-flowing conversation⁵
Extensions-Save time by asking Gemini to find info and get things done across apps-like Maps, Gmail⁶
Display- 6.3 inch Actua display is sharp, vibrant and 35% brighter⁷
Google Tensor G4- the power behind AI on Google Pixel
Durability- IP68 water and dust protection and a scratch-resistant display⁸
Meet Pixel 9a – engineered by Google with more than you expect, for less than you think. Like Gemini built in to supercharge your productivity and creativity.1 An amazing camera for incredible photos. All-day battery.2 Durable design. And 7 years of updates so it keeps feeling new.3 All for under $500.

Also checkout the newest Google Pixel phones, including Pixel 10a, Pixel 10 Pro, Pixel 10 Pro Fold and the Pixel 10 Pro XL on our largest and fastest 5G network.

Google Pixel 9a "
motorola-edge-2025,"Overview
Specs
Key features

T-Satellite with Starlink

This device is compatible with T-Satellite messaging, so you can stay connected in places never thought possible with the only mobile + satellite network that connects automatically.

Learn more about T-Satellite


50MP Sony LYTIA™ 700C + 50MP Ultrawide + 10MP Telephoto

50MP Quad Pixel Front Camera

45 Hours Talk Time

28 Days Standby Time

Other features
Beautifully durable quad-curved design
Military-grade protection² and 2x stronger Corning® Gorilla® Glass.³
Intelligent pro-grade camera system powered by moto ai
Vivid 6.7"" Super HD (1220p) display
Power for the day, charged in 6 minutes⁴,⁵ with 68W TurboPower™ Charging
Stay powered for longer with a 5200mAh battery⁷
Exclusive moto experiences
Superfast, ultra-efficient performance with a Media Tek Dimensity 7400 chipset
You expect craftsmanship that will stand the test of time. Meet the new motorola edge. With a beautifully contoured quad-curved design, a soft-touch finish, and enhanced durability, it's made to last. Count on a military-grade certified design,2 the highest level of water protection,1 and damage-resistant Corning® Gorilla® Glass.3 Effortlessly capture professional-level photos with a Sony LYTIA™ camera system. Experience moto ai6 boosting your creativity and assisting with everyday actions behind the scenes. Immerse yourself in entertainment on a 6.7"" Super HD (1220p) display backed by Dolby Atmos® sound. And keep the action going with up to two days of battery life4. Plus, enjoy moto experiences that empower creative freedom, effortless interactions, and peace of mind. All this, plus AI-enhanced performance just waiting to be unleashed. Find your edge with the new motorola edge.

Check out our best deals on Motorola phones & accessories.

1Water and dust resistance were tested to IP68 and IP69 standards under controlled laboratory conditions.
2The U.S. Department of Defense's MIL-SPEC standards establish methodologies for testing products against environmental stresses under controlled laboratory conditions.
3Performance of Gorilla® Glass 7i is based on lab tests under controlled conditions.
4All battery life claims are approximate and based on the median user tested across a mixed use profile.
5Requires 68W TurboPower™ charger; sold separately.
6Motorola Account login is required to access Moto AI features. An internet or cellular connection is needed for functionality.
7The typical capacity is 5200mAh.
What’s in the box
Motorola edge - 2025
Type-C to USBType-C cable
SIM Tool
Additional spec details
Battery Description
5,200 mAh
Ports
USB Type-C
Connectivity
Wi-Fi 802.11 a/b/g/n/ac/k/v/r/ax 2.4 GHz | 5 GHz | 6GHz Wi-Fi 6E Wi-Fi hotspot , Bluetooth® 5.4, NFC, Satellite Capable
Processor
MediaTek Dimensity 7400
Operating System
Android
Ram
8 GB
Maximum Expandable Memory
0 GB
Wireless Network Technology Generations
4G LTE, 5G
Supported Email Platforms
Apple Mail, POP3, IMAP4, SMTP, Microsoft® Exchange, AOL, AIM, Yahoo!® Mail, GMail
WEA Capable
true
Mobile Hotspot Capable
true
Frequency
UMTS: Band I (2100), Band II (1900), Band IV (1700/2100), Band V (850), Band VIII (900); GSM: 850 MHz, 900 MHz, 1800 MHz, 1900 MHz; 5G: n1, n2, n3, n5, n7, n12, n14, n20, n25, n26, n28, n29, n30, n38, n40, n41, n48, n66, n70, n71, n77, n78; LTE: 1, 2, 3, 4, 5, 7, 8, 12, 13, 14, 17, 18, 19, 20, 25, 26, 28, 29, 30, 38, 39, 40, 41, 42, 48, 66, 71
Display
6.7” Super HD display
Display resolution
2712 x 1220 pixels
Weight
6.4 Ounces
Length
0.31 Inches
Height
6.4 Inches
Width
2.9 Inches
Accessibility
Hearing Aid Compatibility
Pass"
samsung-galaxy-a36-5g,"Overview
Specs
Key features

T-Satellite with Starlink

This device is compatible with T-Satellite, so you can stay connected in places never thought possible with the only mobile + satellite network powering messaging and apps.

Learn more about T-Satellite

50MP Wide, 8MP Ultra Wide & 5MP Macro Cameras

12MP Front Camera

43 Hours Talk Time

15.4 Days Standby Time

Other features
Awesome price. Amazing value.
Super AMOLED Display
Snap Studio Quality Selfies in a Snap
Long-Lasting Battery
Powerful Processor
5G Connectivity
Privacy and Security
Awesomely Durable
Samsung Wallet
Awesome Intelligence. Circle to Search.
Awesome Intelligence. Fast & Fun Photo Editing.
Enhanced Design.
45W Fast-Charging Capable
IP67 Rated
Unbeatable value with a slim, durable design and all the essential features you need await on Galaxy A36 5G. With more storage, you can keep your favorite photos, apps, and memories without worrying about running out of space. Capture stunning, studio grade selfies with the enhanced front camera and easily edit and enhance them with AI Photo Edit tools. The large 6.7"" display makes gaming, scrolling, and movie nights more enjoyable than ever. Enjoy all the awesome perks that come with an A Series phone including Samsung TV Plus and partner offers like three months of free Peacock Premium.

Whether you're staying connected, capturing moments, or browsing, A36 5G gives you premium performance at an affordable price. It's the smart choice you’ve been waiting for.

Awesome price. Amazing value.

Be sure to also check out the stunning new Samsung Galaxy S25, Samsung Galaxy S25+, Samsung Galaxy S25 FE, and Samsung Galaxy S25 Edge, available on the nation’s largest and fastest nationwide 5G network.


What’s in the box
Samsung Galaxy A36 5G
Data Cable (USB-C to USB-C)
Quick Start Guide
SIM Pin/Ejector
Terms & Conditions
HAC Insert
Additional spec details
Battery Description
5000 mAh
Ports
USB Type-C
Connectivity
Wi-Fi 802.11a/b/g/n/ac/ax, UMTS,HSDPA,HSPA+,5G,LTE, Bluetooth 5.3, NFC, Satellite Capable, NativeSatellite Capable, Satellite Data Capable
Processor
Qualcomm® SM6475 Octa-core
Operating System
Android
Ram
6 GB
Maximum Expandable Memory
0 GB
Wireless Network Technology Generations
4G LTE, 5G
Supported Email Platforms
Apple Mail, POP3, IMAP4, SMTP, Microsoft® Exchange, AOL, AIM, Yahoo!® Mail, GMail
Hearing Aid Compatibility
Pass
WEA Capable
true
Mobile Hotspot Capable
true
Frequency
UMTS: Band I (2100), Band II (1900), Band IV (1700/2100), Band VIII (900); GSM: 850 MHz, 900 MHz, 1800 MHz, 1900 MHz; 5G: n2, n25, n41, n66, n71, n78; LTE: 1, 2, 3, 4, 5, 7, 12, 13, 20, 25, 26, 38, 39, 40, 41, 48, 66, 71
Display
6.7” FHD+ Super AMOLED Display
Display resolution
2340 x 1080 pixels
Weight
6.88 Ounces
Length
0.29 Inches
Height
6.41 Inches
Width
3.07 Inches"
motorola-moto-g-play-2026,"Specs
Key features

T-Satellite with Starlink

This device is compatible with T-Satellite, so you can stay connected in places never thought possible with the only mobile + satellite network powering messaging and apps.

Learn more about T-Satellite

32MP AI-Powered Quad Pixel camera System

8MP Front camera

48 Hours Talk Time

29.95 Days Standby Time

Other features
Super-bright, super-smooth 6.7"" display
Superfast 5G performance²
12GB of RAM with RAM Boost³
Get hours of power in minutes with 18W TurboPowerTM charging⁶
Long-lasting battery 5200 mAh battery⁷
Worry proof water-repellent design⁸
Soft vegan leather finish
Say hello to the new moto g play - 2026, bringing you the best of entertainment on a phone within reach. Watch your favorite content on the go on a super-bright, super-smooth 6.7"" 120Hz display1. Go for the epic gaming win or become a multitasking marvel. With 5G speed2, a superfast processor, and RAM Boost3, you’re unstoppable. Capture stunning photos and videos in any light—the 32MP AI-powered camera system4 makes it a snap. Work and play with 2 days of battery life5, then recharge in a flash with TurboPower™ charging5,6. Plus, listen to music and movies on stereo speakers with Dolby Atmos®. All in a sleek, premium design that’s built for life’s journey. Take fun to the next level with the new moto g play.

Be sure to explore the stunning razr 2026 and razr fold 2026, available on the nation's largest and fastest nationwide 5G network.

moto g play – 2026 "
apple-iphone-15,"Specs
Key features

T-Satellite with Starlink

This device is compatible with T-Satellite, so you can stay connected in places never thought possible with the only mobile + satellite network powering messaging and apps.

Learn more about T-Satellite

48MP Main with 2X Telephoto

12MP TrueDepth Front Camera

16 Hours Talk Time

Standby Time

Other features
Dynamic Island comes to iPhone 15
Innovative Design¹˒²
Next-generation portraits
Powerhouse A16 Bionic Chip³
USB-C Connectivity
Vital Safety Features⁴˒⁵
Comes with Apple Care Warranty
iPhone 15 brings you Dynamic Island, a 48MP Main camera, and USB-C—all in a durable color-infused glass and aluminum design.

Also, be sure to explore the stunning new Apple iPhone 17, Apple iPhone Air, Apple iPhone 17 Pro and Apple iPhone 17 Pro Max available on the nation’s largest and fastest nationwide 5G network.

iPhone 15 "
samsung-galaxy-xcover7-pro-5g,"Specs
Key features

T-Satellite with Starlink

This device is compatible with T-Satellite, so you can stay connected in places never thought possible with the only mobile + satellite network powering messaging and apps.

Learn more about T-Satellite

Ultra-Wide 8MP & Wide 50MP Camera

13MP Front Camera

47 Hours Talk Time

16.9 Days Standby Time

Other features
IP68 Rated
Gorilla Glass Victus+
Rugged and Ready
Keep Your Gloves On
Push-to-Talk
Vision Booster
Long Lasting and Replaceable Battery
The Samsung Galaxy XCover7 Pro is a rugged yet modern smartphone designed to perform reliably in tough environments. With a durable build that meets MIL-STD-810H and IP68 standards, it’s resistant to water, dust, and drops. The device features a vibrant 6.6"""" FHD+ display with enhanced visibility in bright conditions, a long-lasting replaceable battery with fast charging support, and a glove-friendly touchscreen for added convenience. Built-in Push-to-Talk (PTT) functionality transforms the device into a walkie-talkie-style communicator when paired with compatible apps, enabling quick, one-button communication. Powered by a fast processor with 5G connectivity and expandable storage, the XCover7 Pro delivers performance, durability, and practical features for those who need a device that keeps up with their active lifestyle. Legal *Water resistant in up to 5 feet of water for up to 30 minutes. Rinse residue/dry after wet.

Be sure to also check out the stunning new Samsung Galaxy S25, Samsung Galaxy S25+, Samsung Galaxy S25 FE, and Samsung Galaxy S25 Edge, available on the nation’s largest and fastest nationwide 5G network.
What’s in the box
Samsung Galaxy XCover7 Pro 5G
Quick Start Guide
Charging Cable
Additional spec details
Battery Description
4350 mAh
Ports
USB Type-C
Connectivity
Wi-Fi 802.11 a/b/g/n/ac/ax (2.4GHz,5GHz,6GHz),Wi-Fi Direct, GPS, UMTS, Bluetooth 5.4, NFC, Satellite Capable, NativeSatellite Capable, Satellite Data Capable
Processor
Qualcomm Snapdragon SM7635
Operating System
Android
Ram
6 GB
Maximum Expandable Memory
2 TB
Wireless Network Technology Generations
4G LTE, 5G
Supported Email Platforms
Apple Mail, POP3, IMAP4, SMTP, Microsoft® Exchange, AOL, AIM, Yahoo!® Mail, GMail
WEA Capable
true
Mobile Hotspot Capable
true
Frequency
UMTS: Band I (2100), Band II (1900), Band IV (1700/2100), Band VIII (900); GSM: 850 MHz, 900 MHz, 1800 MHz, 1900 MHz; 5G: n2, n5, n25, n41, n66, n71, n77, n78; LTE: 1, 2, 3, 4, 5, 7, 12, 13, 20, 25, 26, 30, 38, 39, 40, 41, 48, 66, 71
Display
6.6” TFT LCD Display
Display resolution
2408 x 1080 pixels
Weight
8.46 Ounces
Length
0.4 Inches
Height
6.64 Inches
Width
3.14 Inches
Accessibility
Hearing Aid Compatibility
Pass"
tcl-flip-4,"Specs
Key features

128 x 160 pixels

3.2'' LCD

Cameras

5MP Video-Capable Camera

40 Hours Talk Time

15 Days Standby Time

Other features
Dual displays with an intuitive interface
External 1.77” preview screen for easy-to-read notifications
Internal 3.2” display packed with accessibility features
Easy navigation keyboard with large buttons and shortcut keys for favorite contacts and messages
Pristine call quality with dual mic featuring noise cancelation and HD Voice functionality
Reliable performance powered by an Octa-core processor, 5G connectivity, and essential apps
Access to email, web browser, and popular tools like calendar, calculator, notes, and more
Use your favorite wired or Bluetooth headphones set for a private listening experience
Long-lasting 3000mAh battery for up to 40 hours of talk time and can be charged in less than 2 hours
Capture your favorite moments with the 5MP video-capable camera
Introducing the TCL FLIP 4, a device that offers essentials without hassle. It features dual displays: a 1.77” external display for alerts and a 3.2” internal display to customize text size, colors, and brightness. The large tactile keypad includes intuitive shortcuts for quick access to apps and favorite contacts. With reliable 5G coverage, stay connected to work or loved ones. The powerful speakers and HD voice ensure crystal-clear calls without straining to hear. Focus on what matters with a long-lasting battery that keeps you connected longer.
What’s in the box
Quick Reference Guide
USB-C Cable
Safety & Regulatory Information (PSI) Guide
Terms & Conditions
SIM Card Pin
Additional spec details
Battery Description
3000mAh
Ports
3.5mm Audio Jack, USB Type-C
Connectivity
Wi-Fi 802.11 a/b/g/n/ac, Bluetooth 5.0
Processor
Qualcomm Snapdragon 4s Gen2
Operating System
KaiOS
Maximum Expandable Memory
23.9 GB
Wireless Network Technology Generations
4G LTE, 5G
Supported Email Platforms
Apple Mail, POP3, IMAP4, SMTP, Microsoft® Exchange, AOL, AIM, Yahoo!® Mail, GMail
WEA Capable
true
Mobile Hotspot Capable
true
Frequency
GSM: 850 MHz, 900 MHz, 1800 MHz, 1900 MHz; 5G: n25, n41, n66, n71; LTE: 1, 2, 4, 5, 12, 25, 26, 41, 66, 71
Weight
5.74 Ounces
Length
0.84 Inches
Height
4.29 Inches
Width
2.34 Inches
Accessibility
Hearing Aid Compatibility
Pass"
sonim-xp-pro,"Specs
Key features

2408 x 1080 pixels

6.58” Gorilla® Glass Victus® II

Three Rear Cameras: 50MP Standard, 13MP Wide Angle & 2MP Macro

16MP Front Camera w/ Face Unlock

23 Hours Talk Time

18.75 Days Standby Time

Other features
5G capable
Large screen offers extreme responsiveness, even while wearing work gloves
Waterproof, Drop-proof, Dustproof: MIL-STD-810H, IP68 & IPX9K ratings
Programmable Push-to-Talk and SOS emergency buttons
Powerful 5000mAh battery provides hours of worry-free productivity
100dB+ dual loudspeakers with noise & echo cancellation technology
SonimWare™ software toolkit manages and optimizes your mobile ecosystem
3-year best-in-class comprehensive warranty
The Sonim XP Pro sets the new standard for rugged and reliable smartphones. Its streamlined form with a large screen is built to the toughest standards including MIL-STD-810H, IP68 and IPX9K1 ratings. Connect to high bandwidth and low latency with T-Mobile’s public-safety-first T-Priority network, the nation’s first 5G slice that prioritizes first responders. Stay productive all day with a large programmable/Push-to-Talk button, 100dB+ dual loudspeakers and a 5000mAh battery. Designed to respond to every demand, the Sonim XP Pro has your back so you can have everyone else’s.

1Based on SGS lab testing & certification for MIL-STD-810H, IP68 & IPX9K ratings. These devices meet and/or exceed specification (MIL-STD-810H) testing against a subset of 9 specific environmental conditions, including temperature, humidity, dust, shock, drop, vibration, and solar radiation. Devices also tested and meet IP68 rating for dust and water (devices tested in water at a depth of 1.5 meters for 30 minutes and tested in dust chamber for 8 hours) and IPX9K rating (devices tested against 80C water jet spray). Real world usage varies from the specific environmental conditions used in MIL-STD-810H, IP68 & IPX9K testing.
What’s in the box
Sonim XP Pro
SIM Tool
USB Type-C Cable
Wall Charger
Quick Start Guide
Additional spec details
Battery Description
5,000mAh
Ports
USB Type-C
Connectivity
802.11a/b/g/n/ac/ax,2.4GHz,5GHz,6GHz, Bluetooth 5.3, NFC
Processor
Qualcomm SM7550 Octa-Core
Operating System
Android
Ram
8 GB
Maximum Expandable Memory
2 TB
Wireless Network Technology Generations
4G LTE, 5G
Supported Email Platforms
Apple Mail, POP3, IMAP4, SMTP, Microsoft® Exchange, AOL, AIM, Yahoo!® Mail, GMail
WEA Capable
true
Mobile Hotspot Capable
true
Frequency
GSM: 850 MHz, 900 MHz, 1800 MHz, 1900 MHz; UMTS: Band I (2100), Band II (1900), Band IV (1700/2100), Band V (850), Band VIII (900); 5G: n1, n2, n3, n5, n7, n14, n20, n25, n26, n28, n30, n38, n39, n40, n41, n42, n43, n46, n48, n66, n71; LTE: 1, 2, 3, 4, 5, 7, 8, 12, 13, 14, 18, 20, 25, 26, 28, 29, 30, 38, 39, 40, 41, 42, 43, 46, 48, 66, 71
Weight
9.7 Ounces
Length
0.47 Inches
Height
6.73 Inches
Width
3.15 Inches
Accessibility
Hearing Aid Compatibility
Pass"
sonim-xp3plus-5g,"Specs
Key features

480 x 854 pixels

2.95'' internal display

Cameras

8MP Rear Camera with Flash; non-camera model available

30 Hours Talk Time

11.25 Days Standby Time

Other features
Sonim Proprietary OS based on AOSP 14
5G capable
IP68, MIL-STD-810H, Class I, II and III, Div 2 standards, protecting against water, drops and dust
Programmable Push-to-Talk and SOS emergency buttons
Powerful 3000mAh removable battery
Increased storage of 4GB RAM, 32GB ROM and availability to add up to 512GB of external storage
3-year best-in-class comprehensive warranty
The upgraded Sonim XP3plus 5G flip phone is rugged and durable, yet stunningly simple. Loaded with features, yet surprisingly affordable the Sonim XP3plus 5G flip phone gets the job done.
What’s in the box
Sonim XP3plus 5G
USB Type-C Cable
Screwdriver
Wall Charger
Quick Start Guide
Additional spec details
Battery Description
3,000 mAh
Ports
USB Type-C, SecureAudio™ 3.5mm Connector
Connectivity
Wi-Fi 802.11 a/b/g/n/ac, LTE,5G, Bluetooth
Processor
Qualcomm SM4450 (2 x 2.0 GHz, 6 x 1.8 GHz)
Operating System
Other
Ram
4 GB
Maximum Expandable Memory
512 GB
Wireless Network Technology Generations
4G LTE, 5G
Supported Email Platforms
N/A
Hearing Aid Compatibility
Pass
WEA Capable
true
Mobile Hotspot Capable
true
Frequency
UMTS: Band I (2100), Band II (1900), Band IV (1700/2100), Band V (850), Band VIII (900); 5G: n2, n5, n7, n14, n25, n28, n38, n41, n48, n66, n71, n78; LTE: 1, 2, 3, 4, 5, 7, 8, 12, 13, 14, 20, 25, 26, 28, 38, 41, 42, 43, 48, 66, 71
Weight
8.6 Ounces
Length
1.14 Inches
Height
4.84 Inches
Width
2.36 Inches"
sonim-xp3plus-5g-non-camera-version,"Specs
Key features

480 x 854 pixels

2.95'' internal display

30 Hours Talk Time

11.25 Days Standby Time

Other features
Sonim Proprietary OS based on AOSP 14
5G capable
IP68, MIL-STD-810H, Class I, II and III, Div 2 standards, protecting against water, drops and dust
Programmable Push-to-Talk and SOS emergency buttons
Powerful 3000mAh removable battery
Increased storage of 4GB RAM, 32GB ROM and availability to add up to 512GB of external storage
3-year best-in-class comprehensive warranty
The upgraded Sonim XP3plus 5G flip phone is rugged and durable, yet stunningly simple. Loaded with features, yet surprisingly affordable the Sonim XP3plus 5G flip phone gets the job done.
What’s in the box
Sonim XP3plus 5G Non-Camera Version
USB Type-C Cable
Screwdriver
Wall Charger
Quick Start Guide
Additional spec details
Battery Description
3,000 mAh
Ports
USB Type-C, SecureAudio™ 3.5mm Connector
Connectivity
Wi-Fi 802.11 a/b/g/n/ac, LTE,5G, Bluetooth
Processor
Qualcomm SM4450 (2 x 2.0 GHz, 6 x 1.8 GHz)
Operating System
Other
Ram
4 GB
Maximum Expandable Memory
512 GB
Wireless Network Technology Generations
4G LTE, 5G
Supported Email Platforms
N/A
Hearing Aid Compatibility
Pass
WEA Capable
true
Mobile Hotspot Capable
true
Frequency
UMTS: Band I (2100), Band II (1900), Band IV (1700/2100), Band V (850), Band VIII (900); 5G: n2, n5, n7, n14, n25, n28, n38, n41, n48, n66, n71, n78; LTE: 1, 2, 3, 4, 5, 7, 8, 12, 13, 14, 20, 25, 26, 28, 38, 41, 42, 43, 48, 66, 71
Weight
8.6 Ounces
Length
1.14 Inches
Height
4.84 Inches
Width
2.36 Inches"
